"","restaurants","bars","cafe","college","casino","nightclub","pharmacy","theatre","university","antiques","art","bakery","tattoo","cinema","library","marketplace","railway_station","subway","hotels","volume"
"1",7,0,6,0,0,1,2,0,0,0,0,1,0,0,1,0,1,0,0,"Normal"
"2",65,11,12,0,0,0,12,0,0,0,0,1,0,0,0,0,2,0,232,"High"
"3",75,1,18,0,0,0,18,0,0,28,62,1,0,0,0,2,1,62,30,"Normal"
"4",209,13,84,0,1,1,19,1,0,31,14,10,0,0,0,1,3,14,40,"High"
"5",0,0,0,0,0,0,0,0,0,0,0,0,0,0,1,0,0,0,0,"Normal"
"6",348,78,234,1,0,0,19,1,16,0,9,11,0,0,7,13,3,9,94,"Very High"
"7",3,0,2,0,0,0,0,0,0,0,0,0,0,0,0,0,0,0,0,"Normal"
"8",1,0,6,0,0,0,1,0,0,0,0,0,0,0,0,0,1,0,0,"Normal"
"9",43,0,27,0,0,0,1,0,0,0,0,2,0,0,0,0,1,0,14,"Normal"
"10",0,0,0,0,0,0,1,0,0,0,0,0,0,0,0,0,0,0,0,"Normal"
"11",10,1,9,0,0,0,3,0,0,0,0,0,0,0,24,0,0,0,0,"Normal"
"12",77,14,50,1,0,0,13,0,0,1,0,7,0,1,0,0,2,0,227,"High"
"13",144,13,23,0,20,0,3,0,0,23,27,0,0,19,0,0,1,27,419,"High"
"14",220,22,117,1,1,1,22,0,0,20,27,6,0,0,0,0,2,27,417,"Very High"
"15",102,3,37,0,0,1,4,142,148,1,0,7,0,7,18,1,2,0,44,"High"
"16",9,0,0,0,0,0,0,0,0,0,0,0,0,0,0,0,0,0,0,"Normal"
"17",78,0,21,0,0,0,1,1,0,0,0,0,1,0,1,0,1,0,0,"Normal"
"18",191,13,166,0,2,0,35,0,0,0,18,16,0,0,0,0,39,18,565,"Very High"
"19",55,3,43,17,0,0,15,11,0,0,1,0,0,0,13,0,2,1,36,"Normal"
"20",2,0,2,0,0,0,0,0,0,0,0,0,0,0,0,0,1,0,0,"Normal"
"21",2,0,1,0,0,0,0,9,0,0,0,0,0,0,0,0,0,0,6,"Normal"
"22",134,12,38,0,0,0,4,0,86,1,0,7,0,6,17,1,2,0,67,"High"
"23",25,5,29,0,0,0,2,0,0,0,1,1,0,0,41,0,1,1,3,"Normal"
"24",313,221,279,84,0,58,1,6,0,0,7,0,0,4,19,14,0,7,64,"Very High"
"25",0,0,0,0,0,0,0,0,0,0,0,0,0,0,0,0,0,0,60,"Normal"
"26",0,0,1,1,0,0,0,0,0,0,0,0,0,0,0,0,1,0,0,"Normal"
"27",177,14,166,0,1,0,38,0,0,0,17,8,0,0,0,0,39,17,581,"Very High"
"28",178,15,167,0,1,0,38,0,0,0,17,8,0,0,0,0,39,17,581,"Very High"
"29",37,5,34,0,0,0,10,11,0,0,1,0,0,0,0,0,3,1,31,"Normal"
"30",0,0,0,0,0,0,0,0,0,0,0,0,0,0,0,0,0,0,1,"Normal"
"31",0,0,0,0,0,0,0,0,0,0,0,0,0,0,0,0,0,0,76,"Normal"
"32",187,2,83,0,0,0,35,0,0,2,1,18,0,0,3,28,1,1,338,"High"
"33",0,0,1,0,0,0,0,0,0,0,0,0,0,0,0,0,0,0,1,"Normal"
"34",164,12,171,14,0,17,22,24,548,0,3,0,1,0,38,0,66,3,218,"Very High"
"35",45,1,29,0,0,0,2,0,0,0,0,0,0,0,0,0,1,0,1,"Normal"
"36",177,14,166,0,1,0,38,0,0,0,17,8,0,0,0,0,39,17,581,"Very High"
"37",141,13,159,15,0,0,17,24,640,0,3,0,1,0,38,0,66,3,192,"Very High"
"38",807,75,200,15,12,10,15,391,1,3,18,36,1,24,6,17,4,18,299,"Very High"
"39",331,22,138,1,2,1,40,0,0,2,10,8,0,0,1,0,1,10,561,"Very High"
"40",162,3,127,1,0,0,16,34,723,0,2,1,0,0,89,0,69,2,205,"Very High"
"41",94,14,14,6,0,1,5,0,0,0,0,1,0,0,1,0,2,0,226,"High"
"42",375,37,113,0,2,2,63,0,0,2,7,8,0,1,1,2,1,7,554,"Very High"
"43",105,9,32,0,0,1,11,23,114,1,0,5,0,1,0,0,4,0,94,"High"
"44",106,21,60,0,0,0,12,0,0,0,0,8,0,2,0,0,1,0,0,"Normal"
"45",4,0,5,0,0,0,2,0,0,0,0,2,0,0,0,0,1,0,1,"Normal"
"46",317,84,254,1,0,1,37,1,16,0,5,4,0,0,7,48,3,5,113,"Very High"
"47",66,0,6,0,0,0,0,23,0,0,0,0,0,0,0,0,1,0,0,"Normal"
"48",140,62,124,1,0,1,35,0,1,0,0,0,0,0,0,35,5,0,181,"High"
"49",285,98,262,1,0,2,43,3,60,0,0,9,0,1,2,36,5,0,128,"Very High"
"50",140,49,149,0,0,0,9,0,180,1,0,10,0,0,35,0,138,0,36,"High"
"51",98,8,41,0,1,0,11,0,0,0,0,1,0,0,0,0,2,0,208,"High"
"52",62,2,15,6,0,1,4,0,0,0,0,7,0,0,1,0,1,0,242,"High"
"53",437,33,176,25,0,1,15,0,0,0,0,29,0,1,7,13,2,0,135,"Very High"
"54",1,0,0,0,0,0,0,0,0,0,0,0,0,0,0,0,0,0,2,"Normal"
"55",1,0,0,1,0,0,2,0,0,0,0,0,0,0,0,0,1,0,1,"Normal"
"56",139,13,144,14,0,17,21,0,548,0,3,0,1,0,0,0,65,3,189,"Very High"
"57",164,20,135,0,0,0,17,0,0,0,1,8,0,0,0,0,39,1,611,"Very High"
"58",72,13,20,0,0,0,5,0,85,0,0,1,0,0,0,0,1,0,185,"High"
"59",170,16,161,0,0,0,37,0,0,0,1,8,0,0,0,0,39,1,597,"Very High"
"60",126,3,101,0,0,0,17,0,0,0,1,8,0,0,0,0,38,1,522,"Very High"
"61",1323,182,403,35,12,29,19,384,66,10,39,49,11,31,6,22,6,39,369,"Massive"
"62",434,41,217,6,0,11,48,0,83,0,27,22,0,1,1,0,2,27,270,"Very High"
"63",179,13,161,0,2,0,41,0,0,0,18,16,0,0,0,0,40,18,519,"Very High"
"64",131,11,44,0,0,0,13,0,0,34,62,15,0,0,2,1,3,62,212,"High"
"65",191,14,166,0,2,0,35,0,0,0,18,16,0,0,0,0,40,18,565,"Very High"
"66",161,15,149,0,0,0,28,0,0,0,1,8,0,0,0,0,39,1,597,"Very High"
"67",1,0,0,0,0,0,0,0,0,0,0,0,0,0,0,0,1,0,32,"Normal"
"68",0,0,0,0,0,0,0,0,0,0,0,0,0,0,0,0,0,0,1,"Normal"
"69",105,14,19,6,0,1,6,0,0,0,0,7,0,0,1,0,1,0,180,"High"
"70",186,16,162,0,1,0,38,0,0,0,17,8,0,0,0,0,40,17,562,"Very High"
"71",128,12,50,0,0,0,12,0,0,32,51,15,0,0,2,1,3,51,235,"High"
"72",249,18,67,0,1,1,43,10,99,2,7,7,0,1,2,2,3,7,337,"Very High"
"73",1,0,0,1,0,0,1,0,0,0,0,0,0,0,0,0,0,0,1,"Normal"
"74",127,24,121,13,0,7,11,3,72,0,1,0,0,2,1,12,1,1,21,"High"
"75",574,127,359,17,0,20,16,1,29,0,15,33,0,4,0,28,27,15,74,"Very High"
"76",180,13,84,0,1,1,21,1,0,25,13,10,0,0,0,1,3,13,47,"High"
"77",25,0,13,0,0,0,2,0,0,0,0,2,0,0,0,0,10,0,1,"Normal"
"78",24,0,8,0,0,0,1,0,0,0,0,0,0,1,0,0,0,0,0,"Normal"
"79",99,8,25,0,0,0,6,0,0,9,16,1,0,0,0,0,1,16,122,"High"
"80",0,0,0,0,0,0,0,0,0,0,0,0,0,0,0,0,0,0,0,"Normal"
"81",14,1,28,1,0,0,4,0,0,0,1,1,0,0,0,0,1,1,0,"Normal"
"82",131,13,150,14,0,0,17,24,548,0,3,0,1,0,39,0,66,3,191,"Very High"
"83",90,1,22,0,0,0,3,0,0,9,17,1,0,0,0,0,0,17,80,"Normal"
"84",178,13,161,0,2,0,41,0,0,0,18,16,0,0,0,0,40,18,520,"Very High"
"85",182,16,162,0,1,0,38,0,0,0,17,8,0,0,0,0,40,17,574,"Very High"
"86",96,8,43,0,1,0,12,0,0,0,1,1,0,0,0,0,2,1,171,"High"
"87",1,0,0,1,0,0,3,0,0,0,0,0,0,0,0,0,1,0,1,"Normal"
"88",0,0,0,0,0,0,1,0,0,0,0,0,0,0,1,0,0,0,0,"Normal"
"89",192,1,82,0,0,0,39,0,0,11,19,19,0,0,2,29,2,19,278,"High"
"90",66,2,19,6,0,1,4,0,0,0,0,7,0,0,1,0,1,0,241,"High"
"91",135,2,73,0,0,0,28,0,0,1,2,7,0,0,1,28,1,2,292,"High"
"92",1,0,0,0,0,0,0,0,0,0,0,0,0,0,0,0,0,0,31,"Normal"
"93",1,0,0,1,0,0,3,8,0,0,0,0,0,0,2,0,1,0,1,"Normal"
"94",4,1,39,0,0,0,5,0,0,0,0,3,0,0,0,0,2,0,22,"Normal"
"95",1,0,0,1,0,0,3,0,0,0,0,0,0,0,0,0,1,0,1,"Normal"
"96",0,0,0,0,0,0,0,0,0,0,0,0,0,0,1,0,0,0,2,"Normal"
"97",104,4,88,0,0,0,9,0,0,0,1,1,0,0,0,0,38,1,526,"High"
"98",0,0,3,0,0,0,1,0,0,1,0,0,0,0,0,0,0,0,0,"Normal"
"99",187,14,174,0,2,0,43,0,0,0,18,16,0,0,0,0,39,18,570,"Very High"
"100",9,1,14,0,0,11,1,0,0,0,0,0,0,0,1,0,0,0,0,"Normal"
"101",98,2,28,0,0,0,14,0,0,0,0,0,0,0,0,0,0,0,0,"Normal"
"102",4,1,3,1,0,0,1,0,21,0,0,0,0,0,0,1,13,0,33,"Normal"
"103",61,2,34,6,0,1,3,1,0,0,0,7,0,0,1,0,30,0,217,"High"
"104",0,0,1,0,0,0,0,0,0,0,0,0,0,0,0,0,0,0,0,"Normal"
"105",182,3,84,0,0,0,31,0,0,2,1,9,0,0,4,28,1,1,378,"High"
"106",2,0,0,0,0,0,1,0,0,0,0,1,0,0,0,0,0,0,0,"Normal"
"107",4,2,5,0,0,1,7,6,0,0,0,0,0,0,0,0,0,0,0,"Normal"
"108",178,16,161,0,0,0,38,0,0,0,17,8,0,0,0,0,39,17,582,"Very High"
"109",0,0,2,0,0,0,0,0,0,0,0,0,0,0,0,0,0,0,0,"Normal"
"110",98,2,47,0,1,0,13,0,0,0,0,2,0,0,0,0,38,0,209,"High"
"111",108,16,14,0,0,0,4,0,0,0,0,1,0,18,0,1,0,0,21,"Normal"
"112",8,1,8,0,0,0,0,0,0,0,0,0,0,0,0,0,1,0,3,"Normal"
"113",206,13,87,0,1,1,19,1,0,31,15,10,0,0,0,1,2,15,37,"High"
"114",399,81,335,1,0,6,9,2,28,0,15,0,0,0,22,31,3,15,50,"Very High"
"115",102,1,51,6,0,1,16,1,0,0,0,7,0,0,0,17,30,0,139,"High"
"116",3,0,2,0,0,0,0,0,0,0,0,0,1,0,0,0,0,0,0,"Normal"
"117",0,0,0,0,0,0,0,0,0,0,0,0,0,0,1,0,1,0,0,"Normal"
"118",0,0,1,0,0,0,0,1,0,0,0,0,0,0,0,1,0,0,1,"Normal"
"119",6,0,0,0,0,0,0,0,0,0,0,0,1,0,0,0,0,0,1,"Normal"
"120",0,0,0,0,0,0,0,0,0,0,0,0,0,0,0,0,0,0,0,"Normal"
"121",126,25,119,0,0,17,15,23,547,0,2,0,5,0,39,0,66,2,168,"Very High"
"122",0,0,0,0,0,0,0,0,0,0,0,0,0,0,0,0,0,0,0,"Normal"
"123",1,0,0,0,0,0,1,0,0,0,0,0,0,0,0,0,0,0,17,"Normal"
"124",74,2,37,0,0,0,22,0,0,1,0,3,0,0,1,28,0,0,234,"High"
"125",1,0,0,1,0,0,1,0,0,0,0,0,0,0,0,0,0,0,1,"Normal"
"126",96,1,37,0,0,0,3,0,84,5,0,7,0,6,17,1,1,0,32,"Normal"
"127",0,0,0,0,0,0,0,0,0,0,0,0,0,0,0,0,0,0,0,"Normal"
"128",1,0,5,0,0,0,0,0,0,0,0,0,0,0,0,0,0,0,0,"Normal"
"129",144,4,121,0,0,0,17,0,0,0,1,8,0,0,0,0,38,1,541,"Very High"
"130",118,7,28,0,0,0,6,0,0,9,24,1,0,0,0,0,1,24,102,"High"
"131",0,0,0,0,0,0,0,0,0,0,0,0,0,0,0,0,0,0,0,"Normal"
"132",102,8,45,0,1,0,12,0,0,0,0,1,0,0,0,0,2,0,209,"High"
"133",100,4,58,0,1,0,13,0,0,0,0,2,0,0,0,0,38,0,265,"High"
"134",49,34,42,0,0,0,3,0,0,0,4,6,1,0,1,0,18,4,2,"Normal"
"135",22,18,15,0,0,0,3,0,0,1,0,1,0,0,0,0,18,0,1,"Normal"
"136",8,2,3,0,0,0,3,0,0,0,0,2,0,0,1,9,0,0,0,"Normal"
"137",71,18,13,0,0,0,1,0,0,0,0,1,0,1,0,0,54,0,19,"Normal"
"138",170,16,158,0,0,0,36,0,0,0,1,8,0,0,0,0,39,1,597,"Very High"
"139",129,13,133,14,0,17,17,24,534,0,2,0,1,0,39,0,66,2,194,"Very High"
"140",148,3,73,0,0,0,28,0,0,1,1,7,0,0,2,28,1,1,328,"High"
"141",172,14,160,0,0,0,37,0,0,0,9,8,0,0,0,0,39,9,584,"Very High"
"142",26,1,15,1,0,1,14,30,0,0,0,1,0,1,0,0,3,0,9,"Normal"
"143",158,90,146,0,0,0,14,0,248,1,0,0,0,0,26,0,138,0,36,"Very High"
"144",12,0,4,0,0,0,2,0,0,0,0,2,0,0,0,0,1,0,0,"Normal"
"145",142,13,159,15,0,0,17,24,640,0,3,0,1,0,38,0,66,3,193,"Very High"
"146",12,0,4,0,0,0,2,0,0,0,0,2,0,0,0,0,1,0,0,"Normal"
"147",142,13,159,15,0,0,17,24,640,0,3,0,1,0,38,0,66,3,193,"Very High"
"148",181,129,87,67,0,38,2,14,0,0,7,0,0,0,24,0,1,7,42,"High"
"149",98,8,41,0,1,0,11,0,0,0,0,1,0,0,0,0,2,0,208,"High"
"150",21,5,42,0,0,0,5,1,0,0,0,7,0,0,0,0,1,0,23,"Normal"
"151",98,8,41,0,1,0,11,0,0,0,0,1,0,0,0,0,2,0,208,"High"
"152",21,5,42,0,0,0,5,1,0,0,0,7,0,0,0,0,1,0,23,"Normal"
"153",1,0,1,0,0,0,0,0,0,0,0,0,0,0,0,0,0,0,0,"Normal"
"154",14,0,24,0,0,0,1,0,0,0,0,0,0,0,8,1,3,0,0,"Normal"
"155",8,0,19,0,0,0,0,0,0,0,0,0,0,0,0,0,2,0,0,"Normal"
"156",92,3,32,0,0,0,0,0,0,0,14,1,0,0,0,1,1,14,22,"Normal"
"157",5,1,10,0,0,0,1,11,0,0,0,0,0,0,0,0,1,0,0,"Normal"
"158",88,11,21,6,0,1,3,1,0,0,0,7,0,0,1,0,30,0,114,"Normal"
"159",73,11,16,5,0,1,2,1,0,0,0,0,0,0,1,0,29,0,41,"Normal"
"160",68,2,77,0,0,0,0,0,0,0,0,1,0,0,1,17,29,0,0,"Normal"
"161",70,13,44,0,0,0,13,1,0,0,0,1,0,0,17,0,38,0,146,"High"
"162",1232,152,590,69,10,20,35,208,809,17,90,55,28,21,0,0,3,90,488,"Massive"
"163",1,0,0,0,0,0,0,0,0,0,0,0,0,0,0,0,0,0,0,"Normal"
"164",0,0,0,0,0,0,0,0,0,0,0,0,0,0,0,0,0,0,46,"Normal"
"165",194,3,95,0,0,0,34,0,0,2,1,8,0,0,4,28,2,1,378,"High"
"166",109,2,38,0,0,0,3,0,84,5,0,7,0,6,17,1,1,0,35,"High"
"167",62,7,21,0,0,0,4,0,86,1,10,1,0,0,0,0,1,10,66,"Normal"
"168",91,1,25,0,0,0,10,0,0,33,62,9,0,0,0,2,1,62,42,"High"
"169",58,4,34,0,0,2,0,142,146,0,10,0,0,1,13,0,0,10,78,"High"
"170",92,44,117,0,0,0,25,0,0,0,0,0,0,0,0,35,6,0,152,"High"
"171",5,0,0,0,0,0,0,0,0,0,0,0,0,0,0,0,1,0,7,"Normal"
"172",173,16,162,0,0,0,37,0,0,0,9,8,0,0,0,0,40,9,584,"Very High"
"173",3,0,1,0,0,0,2,0,0,0,0,0,0,0,0,0,1,0,0,"Normal"
"174",97,15,91,15,0,0,39,0,89,0,0,9,0,0,0,0,0,0,0,"High"
"175",285,38,234,69,0,0,11,123,792,7,10,0,0,0,13,0,2,10,233,"Very High"
"176",332,65,215,13,0,7,2,2,92,0,9,0,0,2,20,11,1,9,56,"Very High"
"177",89,9,26,0,0,2,5,4,0,8,1,10,0,0,0,0,0,1,0,"Normal"
"178",410,36,148,0,2,8,7,203,1,3,17,31,1,14,6,16,3,17,256,"Very High"
"179",105,16,130,20,0,1,0,69,40,0,1,7,0,0,47,24,136,1,62,"High"
"180",437,226,302,54,0,53,0,6,0,0,11,0,0,4,1,16,0,11,76,"Very High"
"181",132,62,100,0,0,1,10,0,1,0,0,0,0,0,0,35,4,0,188,"High"
"182",535,89,272,0,0,1,32,0,30,0,5,29,0,0,7,48,4,5,138,"Very High"
"183",535,89,272,0,0,1,32,0,30,0,5,29,0,0,7,48,4,5,138,"Very High"
"184",61,2,34,6,0,1,3,1,0,0,0,7,0,0,1,0,30,0,217,"High"
"185",65,32,48,0,0,1,7,0,0,0,0,3,0,0,0,10,1,0,0,"Normal"
"186",22,7,12,1,0,0,5,0,0,0,0,1,0,1,27,0,0,0,0,"Normal"
"187",17,0,29,43,0,0,3,0,0,0,0,0,0,0,0,0,1,0,19,"Normal"
"188",1,0,0,1,0,0,2,0,0,0,0,0,0,0,0,0,1,0,1,"Normal"
"189",0,1,2,1,0,0,2,0,0,0,0,1,0,0,0,0,2,0,0,"Normal"
"190",9,4,28,25,0,0,5,1,0,0,0,1,0,0,0,0,1,0,101,"Normal"
"191",103,13,45,0,0,0,18,34,0,11,1,10,0,0,1,0,0,1,0,"Normal"
"192",17,0,9,0,0,0,6,0,0,0,0,2,0,0,0,0,6,0,0,"Normal"
"193",3,2,3,0,0,0,0,0,0,0,0,0,0,0,0,0,1,0,0,"Normal"
"194",376,61,217,25,0,1,0,0,29,0,0,22,0,1,7,0,4,0,226,"Very High"
"195",128,13,155,14,0,17,16,0,548,0,3,0,1,0,38,0,66,3,200,"Very High"
"196",127,15,106,15,0,17,0,0,534,0,2,0,1,0,0,10,64,2,106,"Very High"
"197",0,0,0,0,0,0,0,0,0,0,0,0,0,0,0,0,0,0,0,"Normal"
"198",343,64,230,65,0,1,18,208,256,7,0,10,0,0,0,17,3,0,244,"Very High"
"199",182,3,92,0,0,0,30,0,0,2,1,11,0,0,3,28,1,1,396,"High"
"200",108,14,23,6,0,1,5,0,0,0,0,7,0,0,1,0,2,0,200,"High"
"201",100,2,61,0,0,0,0,0,0,0,1,0,0,0,0,0,38,1,382,"High"
"202",69,6,40,0,0,0,14,0,0,14,0,5,0,0,0,0,37,0,47,"Normal"
"203",120,13,140,14,0,17,16,23,548,0,2,0,1,0,39,0,66,2,210,"Very High"
"204",156,3,78,0,0,0,30,0,0,1,1,7,0,0,2,28,2,1,362,"High"
"205",216,13,102,0,0,0,44,0,0,7,1,20,0,0,2,28,2,1,354,"High"
"206",157,14,29,0,21,1,2,0,0,22,26,0,0,19,0,0,1,26,356,"High"
"207",77,13,22,0,2,0,6,0,0,0,15,0,0,0,0,0,1,15,227,"High"
"208",51,2,110,14,0,0,7,0,0,0,1,8,0,1,0,3,1,1,124,"High"
"209",122,12,33,0,0,0,4,0,88,5,0,7,0,6,17,1,1,0,43,"High"
"210",0,0,0,0,0,0,0,0,0,0,0,0,0,0,0,0,0,0,0,"Normal"
"211",83,4,33,0,0,1,17,0,0,0,10,1,0,0,0,0,1,10,107,"Normal"
"212",135,1,73,0,0,0,28,0,0,1,2,7,0,0,1,28,1,2,240,"High"
"213",354,28,151,0,1,2,7,205,1,3,7,29,1,13,6,16,3,7,224,"Very High"
"214",7,0,0,0,0,0,1,0,0,0,0,0,0,0,0,0,0,0,1,"Normal"
"215",59,1,15,6,0,1,8,0,0,0,0,7,0,0,0,0,1,0,217,"High"
"216",124,2,67,0,0,0,9,0,0,0,1,1,0,0,0,0,38,1,496,"High"
"217",59,9,47,0,0,0,10,0,67,15,0,5,0,0,0,0,4,0,105,"High"
"218",0,0,2,0,0,0,0,0,0,0,0,0,0,0,0,0,0,0,0,"Normal"
"219",0,0,0,0,0,0,0,0,0,0,0,0,0,0,0,0,0,0,0,"Normal"
"220",98,12,15,6,0,1,5,0,0,0,0,7,0,0,1,0,2,0,239,"High"
"221",936,143,400,38,0,39,52,107,43,11,99,25,20,20,0,5,2,99,278,"Massive"
"222",297,170,220,50,0,65,1,14,0,0,6,0,0,3,20,8,26,6,62,"Very High"
"223",1,0,0,0,0,0,0,0,0,0,0,0,0,0,0,0,0,0,19,"Normal"
"224",62,19,55,0,0,18,10,0,0,0,1,2,13,6,0,0,19,1,1,"Normal"
"225",1,0,0,1,0,0,2,0,0,0,0,0,0,0,0,0,0,0,2,"Normal"
"226",1,0,0,1,0,0,2,0,0,0,0,0,0,0,0,0,1,0,1,"Normal"
"227",30,1,15,0,0,0,8,0,0,0,0,3,2,2,1,0,1,0,7,"Normal"
"228",140,13,151,14,0,17,17,24,548,0,3,0,1,0,39,0,66,3,199,"Very High"
"229",12,0,6,0,0,0,5,0,0,0,0,2,0,0,0,0,0,0,28,"Normal"
"230",71,14,14,0,0,0,5,0,1,0,0,1,0,0,0,0,2,0,212,"High"
"231",17,0,31,0,0,0,1,0,0,0,0,1,0,0,0,0,0,0,17,"Normal"
"232",0,0,0,0,0,0,0,0,0,0,0,0,0,0,0,0,0,0,1,"Normal"
"233",14,6,31,0,0,0,1,1,10,0,0,1,0,0,0,0,0,0,21,"Normal"
"234",35,0,16,0,0,0,0,0,0,0,0,0,0,0,0,0,0,0,14,"Normal"
"235",0,0,0,0,0,0,0,0,0,0,0,0,0,0,0,0,0,0,16,"Normal"
"236",70,13,17,0,0,0,3,0,94,0,0,0,0,5,17,1,1,0,133,"High"
"237",137,8,115,14,0,17,0,1,534,0,2,0,9,0,0,10,0,2,90,"Very High"
"238",125,31,125,0,0,0,11,0,102,0,0,11,0,0,14,0,137,0,90,"High"
"239",0,0,0,0,0,0,0,0,0,0,0,0,0,0,0,0,1,0,0,"Normal"
"240",0,0,0,0,0,0,0,0,0,0,0,0,0,0,0,0,2,0,14,"Normal"
"241",0,0,0,0,0,0,0,0,0,0,0,0,0,0,0,0,0,0,0,"Normal"
"242",23,0,14,0,0,0,3,0,67,0,0,0,0,0,1,0,0,0,0,"Normal"
"243",13,0,17,0,0,3,2,0,0,0,0,1,0,0,0,0,1,0,1,"Normal"
"244",26,1,47,0,0,1,2,1,0,0,0,3,1,0,2,0,1,0,138,"Normal"
"245",178,16,163,0,0,0,38,0,0,0,17,8,0,0,0,0,39,17,582,"Very High"
"246",1,0,5,0,0,0,0,0,0,0,0,0,0,0,0,0,0,0,0,"Normal"
"247",124,1,78,25,0,0,6,1,1,0,2,0,0,0,7,5,1,2,0,"Normal"
"248",1,0,1,0,0,0,0,0,0,0,0,0,0,0,0,0,0,0,82,"Normal"
"249",0,0,0,0,0,0,0,0,0,0,0,0,0,0,0,0,0,0,1,"Normal"
"250",0,0,0,0,0,0,6,0,0,0,0,0,0,0,1,0,0,0,0,"Normal"
"251",0,0,0,0,0,0,0,0,0,0,0,0,0,0,0,0,0,0,1,"Normal"
"252",412,82,241,10,0,1,36,1,30,0,5,16,0,0,7,49,3,5,122,"Very High"
"253",7,0,9,22,0,0,3,0,0,0,0,1,0,0,9,0,13,0,39,"Normal"
"254",1,0,1,0,0,0,0,0,0,0,0,0,0,0,0,0,1,0,139,"Normal"
"255",37,1,20,0,0,0,16,0,0,1,1,3,0,0,1,0,1,1,144,"Normal"
"256",182,16,158,0,0,0,37,0,0,0,9,8,0,0,0,0,40,9,576,"Very High"
"257",203,92,204,21,0,22,26,3,72,0,0,0,0,3,1,12,4,0,83,"High"
"258",0,0,0,0,0,0,0,0,0,0,0,0,0,0,0,0,0,0,1,"Normal"
"259",92,3,48,22,0,0,22,0,0,0,0,5,1,2,1,3,8,0,50,"Normal"
"260",1,0,0,0,0,0,0,0,0,0,0,0,0,0,0,0,0,0,32,"Normal"
"261",30,0,1,0,0,0,0,0,0,0,0,0,0,0,0,0,1,0,69,"Normal"
"262",89,1,86,0,1,1,18,1,0,16,0,10,0,0,0,1,3,0,74,"High"
"263",25,3,40,0,0,0,2,0,10,0,1,0,0,0,0,3,1,1,0,"Normal"
"264",147,64,132,1,0,1,19,0,1,0,0,0,0,0,0,35,4,0,202,"High"
"265",97,5,33,0,0,2,1,2,0,0,0,1,0,0,1,0,1,0,13,"Normal"
"266",116,18,78,24,1,3,21,35,0,7,18,12,6,1,0,0,1,18,53,"High"
"267",33,0,5,0,0,0,0,0,0,0,0,0,0,0,0,0,0,0,7,"Normal"
"268",3,0,0,0,0,0,0,0,0,0,0,0,0,0,0,0,1,0,0,"Normal"
"269",1,0,0,0,0,0,1,0,0,0,0,0,0,0,0,0,0,0,43,"Normal"
"270",12,1,23,0,0,1,1,0,0,0,0,0,0,1,2,0,64,0,3,"Normal"
"271",332,22,139,1,2,1,40,0,0,2,10,8,0,0,1,0,1,10,561,"Very High"
"272",218,16,107,6,0,0,39,0,0,1,1,12,0,1,2,28,2,1,497,"Very High"
"273",336,25,227,49,0,0,8,82,844,0,33,1,0,0,44,0,2,33,380,"Massive"
"274",0,0,0,0,0,0,0,0,0,0,0,0,0,0,0,0,0,0,1,"Normal"
"275",1,0,3,0,0,0,0,0,0,0,0,0,0,0,0,0,0,0,0,"Normal"
"276",76,1,18,0,0,0,17,0,0,27,68,1,0,0,0,2,1,68,30,"High"
"277",62,2,15,6,0,1,4,0,0,0,0,7,0,0,1,0,1,0,237,"High"
"278",98,2,47,0,1,0,13,0,0,0,0,2,0,0,0,0,38,0,209,"High"
"279",216,12,113,0,1,15,2,18,0,15,175,6,0,10,0,0,2,175,314,"Very High"
"280",379,26,121,0,2,2,52,0,0,14,26,11,0,1,1,1,2,26,495,"Very High"
"281",359,31,122,21,0,0,11,0,0,0,10,0,0,1,0,29,27,10,72,"High"
"282",4,3,13,25,0,0,5,0,0,1,1,1,0,0,0,0,1,1,101,"Normal"
"283",190,44,133,26,0,2,3,2,694,0,9,0,0,2,5,11,2,9,57,"Very High"
"284",63,13,17,0,0,0,13,0,0,0,0,1,0,0,0,0,2,0,218,"High"
"285",181,2,87,0,0,0,35,0,0,7,1,19,0,0,3,28,1,1,346,"High"
"286",135,12,39,0,0,0,4,0,86,1,0,7,0,6,17,1,2,0,47,"High"
"287",107,12,57,0,0,0,28,0,0,15,0,5,0,0,0,0,39,0,97,"High"
"288",148,13,158,14,0,17,16,24,548,0,3,0,1,0,38,0,66,3,216,"Very High"
"289",0,0,3,0,0,0,1,0,396,0,0,0,0,0,0,0,0,0,1,"High"
"290",184,3,85,0,0,0,31,0,0,2,1,12,0,0,3,28,1,1,396,"High"
"291",0,0,0,0,0,0,0,0,0,0,0,0,0,0,0,0,0,0,1,"Normal"
"292",0,0,0,0,0,0,0,0,0,0,0,0,0,0,0,0,1,0,0,"Normal"
"293",139,4,118,1,0,0,16,34,742,0,2,1,0,0,89,0,3,2,215,"Very High"
"294",179,14,172,0,2,0,38,0,0,0,18,12,0,0,0,0,39,18,570,"Very High"
"295",140,13,159,14,0,17,16,24,548,0,3,0,1,0,38,0,66,3,216,"Very High"
"296",3,0,9,0,0,0,3,0,0,0,0,1,0,0,0,1,1,0,0,"Normal"
"297",28,1,14,0,0,1,15,29,0,0,0,2,0,0,0,44,1,0,9,"Normal"
"298",3,0,3,0,0,0,2,0,0,1,0,1,0,0,0,0,0,0,6,"Normal"
"299",220,9,101,1,0,0,27,40,770,0,0,6,0,0,50,0,4,0,235,"Very High"
"300",5,1,7,0,0,0,0,0,0,0,0,0,0,0,0,0,1,0,0,"Normal"
"301",151,17,86,0,2,0,37,0,0,15,0,12,0,0,0,0,40,0,190,"High"
"302",162,16,151,0,0,0,28,0,0,0,1,8,0,0,0,0,40,1,592,"Very High"
"303",135,53,146,0,0,0,11,0,102,0,0,11,0,0,23,0,137,0,58,"High"
"304",90,14,10,6,0,1,4,0,0,0,0,1,0,0,1,0,2,0,237,"High"
"305",171,16,162,0,0,0,37,0,0,0,1,8,0,0,0,0,39,1,590,"Very High"
"306",135,12,39,0,0,0,4,0,86,1,0,7,0,6,17,1,2,0,47,"High"
"307",0,0,0,0,0,0,0,0,0,0,0,0,0,0,0,0,0,0,1,"Normal"
"308",0,0,0,0,0,0,0,0,0,0,0,0,0,0,0,0,0,0,0,"Normal"
"309",512,81,241,11,0,1,17,0,30,0,9,29,0,1,7,18,2,9,128,"Very High"
"310",7,0,1,0,0,0,1,0,0,0,0,1,0,0,0,0,0,0,1,"Normal"
"311",0,0,0,0,0,0,0,0,0,0,0,0,0,0,0,0,0,0,2,"Normal"
"312",0,0,1,0,0,0,0,0,0,0,0,0,0,0,0,0,0,0,0,"Normal"
"313",135,12,22,0,20,1,2,0,0,8,7,0,0,19,0,0,2,7,325,"High"
"314",134,64,117,0,0,1,19,0,1,0,0,0,0,0,0,35,4,0,204,"High"
"315",0,0,0,0,0,0,0,0,0,0,0,0,0,0,0,0,0,0,0,"Normal"
"316",93,13,35,0,0,0,4,0,94,1,0,7,0,6,17,1,1,0,49,"High"
"317",103,1,49,0,0,0,28,0,0,1,1,7,0,0,1,28,1,1,214,"High"
"318",27,8,23,0,0,0,2,0,0,0,0,0,0,0,0,0,1,0,0,"Normal"
"319",0,0,0,0,0,0,0,0,0,0,0,0,0,0,0,0,0,0,0,"Normal"
"320",2,0,4,0,0,0,3,1,0,0,0,0,0,0,1,0,1,0,3,"Normal"
"321",89,8,41,0,1,0,11,0,0,0,1,1,0,0,0,0,2,1,181,"High"
"322",13,2,22,0,0,0,7,0,0,0,0,0,0,0,0,0,2,0,0,"Normal"
"323",141,13,41,0,1,0,5,0,0,18,4,1,0,0,27,0,2,4,61,"High"
"324",54,1,26,6,0,1,7,0,0,0,0,7,0,0,0,0,30,0,211,"High"
"325",5,1,5,0,0,0,0,0,0,0,0,0,0,0,0,0,1,0,3,"Normal"
"326",1,0,0,0,0,0,0,0,0,0,0,0,0,0,0,0,0,0,19,"Normal"
"327",5,0,5,0,0,0,3,1,0,0,0,0,0,0,1,0,1,0,0,"Normal"
"328",142,2,125,15,0,0,14,24,765,0,2,1,0,0,83,0,2,2,200,"Very High"
"329",140,4,118,15,0,0,15,34,744,0,2,1,0,0,88,0,2,2,213,"Very High"
"330",191,3,88,0,0,0,29,0,0,2,1,14,0,0,3,28,1,1,382,"High"
"331",0,0,0,0,0,0,1,0,0,0,0,0,0,0,0,0,0,0,0,"Normal"
"332",0,0,0,0,0,0,0,0,0,0,0,0,0,0,0,0,0,0,0,"Normal"
"333",125,3,100,0,0,0,9,0,0,0,1,8,0,0,0,0,40,1,426,"High"
"334",5,0,6,0,0,0,1,0,0,0,0,2,0,0,0,0,0,0,0,"Normal"
"335",126,18,84,24,1,3,21,35,0,7,18,17,9,5,0,0,1,18,36,"High"
"336",131,2,115,15,0,0,15,34,811,0,2,1,0,0,94,0,1,2,212,"Very High"
"337",0,0,0,0,0,0,0,0,0,0,0,0,0,0,0,0,0,0,0,"Normal"
"338",187,14,159,0,2,0,43,0,0,0,18,16,0,0,0,0,39,18,570,"Very High"
"339",144,13,83,0,1,1,21,1,0,22,4,10,0,0,0,0,3,4,63,"High"
"340",102,8,44,0,1,0,11,0,0,0,1,1,0,0,0,0,2,1,179,"High"
"341",0,5,2,0,0,0,0,0,0,0,0,0,0,0,0,0,0,0,45,"Normal"
"342",340,20,237,52,1,1,25,55,921,0,43,6,0,0,62,0,3,43,399,"Massive"
"343",370,27,241,67,1,1,33,82,890,0,43,6,0,0,43,0,2,43,395,"Massive"
"344",333,33,149,0,0,1,32,0,699,0,23,22,0,0,2,0,3,23,325,"Very High"
"345",374,27,240,67,1,1,25,82,906,0,43,6,0,0,43,0,2,43,395,"Massive"
"346",42,4,23,0,0,1,4,0,146,0,10,7,0,7,18,1,1,10,47,"High"
"347",391,25,239,80,1,2,25,82,980,0,47,12,0,25,73,0,3,47,369,"Massive"
"348",166,8,101,1,4,0,36,0,0,0,18,11,0,0,0,0,1,18,432,"High"
"349",0,0,0,0,0,0,0,0,0,0,0,0,0,0,0,0,0,0,0,"Normal"
"350",4,0,5,0,0,0,4,0,0,0,0,1,0,26,1,0,1,0,0,"Normal"
"351",190,14,166,0,2,0,35,0,0,0,18,16,0,0,0,0,40,18,565,"Very High"
"352",712,100,405,67,1,13,31,106,941,0,64,36,0,21,43,0,2,64,467,"Massive"
"353",190,14,166,0,2,0,35,0,0,0,18,16,0,0,0,0,40,18,565,"Very High"
"354",712,100,405,67,1,13,31,106,941,0,64,36,0,21,43,0,2,64,467,"Massive"
"355",2,0,4,0,0,0,1,1,0,0,0,0,0,0,0,0,1,0,0,"Normal"
"356",69,22,92,0,0,0,4,48,0,0,1,6,1,0,2,0,3,1,88,"High"
"357",421,49,232,6,0,12,46,0,83,0,29,22,0,1,1,0,3,29,277,"Very High"
"358",0,5,2,0,0,0,0,0,0,0,0,0,0,0,0,0,0,0,45,"Normal"
"359",0,0,0,0,0,0,1,0,0,0,0,0,0,0,0,0,0,0,2,"Normal"
"360",0,0,0,0,0,0,0,0,0,0,0,0,0,0,0,0,0,0,1,"Normal"
"361",79,0,36,0,0,0,1,33,0,1,0,0,0,0,1,0,14,0,7,"Normal"
"362",3,0,1,0,0,0,0,0,0,0,0,0,0,0,0,0,0,0,3,"Normal"
"363",9,0,7,0,0,0,1,0,0,1,0,0,0,0,1,0,0,0,2,"Normal"
"364",11,0,18,0,0,0,2,0,0,0,3,1,0,0,5,0,0,3,0,"Normal"
"365",40,16,65,26,0,19,15,0,0,1,1,14,5,0,0,0,2,1,111,"High"
"366",6,1,4,0,0,0,1,0,0,0,0,0,0,0,0,0,0,0,0,"Normal"
"367",107,25,123,0,0,1,2,21,0,0,1,6,0,0,2,0,20,1,117,"High"
"368",182,8,95,1,4,0,36,0,0,0,18,11,0,0,0,0,1,18,452,"Very High"
"369",1,0,9,0,0,0,1,0,0,0,0,1,0,2,0,17,0,0,0,"Normal"
"370",3,0,1,0,0,0,4,0,0,0,0,0,0,0,1,0,1,0,5,"Normal"
"371",0,0,0,0,0,0,0,0,0,0,0,0,0,0,0,0,0,0,1,"Normal"
"372",276,24,148,0,2,0,54,0,0,0,17,22,0,0,0,0,4,17,509,"Very High"
"373",1599,212,541,42,13,42,38,287,0,13,76,47,25,37,0,5,3,76,426,"Massive"
"374",1,0,0,0,0,0,0,0,0,0,0,0,0,0,0,0,0,0,47,"Normal"
"375",1,0,0,0,0,0,0,0,0,0,0,0,0,0,0,0,0,0,59,"Normal"
"376",0,0,0,0,0,0,0,0,0,0,0,0,0,0,0,0,0,0,59,"Normal"
"377",36,5,34,0,0,0,10,11,0,0,1,0,0,0,0,0,2,1,48,"Normal"
"378",74,3,44,0,0,0,17,0,0,0,1,1,0,0,0,1,1,1,69,"Normal"
"379",61,2,20,6,0,1,3,0,0,0,0,7,0,0,1,0,1,0,240,"High"
"380",12,2,10,0,0,0,1,0,0,0,0,1,1,1,1,0,1,0,2,"Normal"
"381",0,0,0,0,0,0,0,0,0,0,0,0,0,0,0,0,0,0,0,"Normal"
"382",0,0,0,0,0,0,0,0,0,0,0,0,0,0,1,0,0,0,13,"Normal"
"383",162,16,157,0,0,0,28,0,0,0,1,8,0,0,0,0,39,1,597,"Very High"
"384",100,2,48,0,1,0,13,0,0,0,0,2,0,0,17,0,39,0,208,"High"
"385",100,2,48,0,1,0,13,0,0,0,0,2,0,0,17,0,39,0,208,"High"
"386",162,16,156,0,0,0,28,0,0,0,1,8,0,0,0,0,39,1,597,"Very High"
"387",100,2,48,0,1,0,13,0,0,0,0,2,0,0,17,0,39,0,208,"High"
"388",100,2,48,0,1,0,13,0,0,0,0,2,0,0,17,0,39,0,208,"High"
"389",100,2,48,0,1,0,13,0,0,0,0,2,0,0,17,0,39,0,208,"High"
"390",2,0,7,0,0,0,2,0,0,0,0,0,0,0,1,0,26,0,5,"Normal"
"391",0,0,0,0,0,0,0,0,0,0,0,0,0,0,0,0,1,0,0,"Normal"
"392",0,0,0,0,0,0,0,0,0,0,0,0,0,0,0,0,0,0,0,"Normal"
"393",1,0,0,0,0,0,0,0,0,0,0,0,0,0,0,0,1,0,32,"Normal"
"394",36,0,33,0,0,0,1,0,0,0,0,0,0,0,0,0,2,0,1,"Normal"
"395",135,19,87,46,1,2,14,12,0,8,14,18,0,5,0,0,1,14,6,"High"
"396",84,15,89,0,0,1,1,77,1,0,0,6,0,0,0,0,151,0,87,"High"
"397",40,3,11,0,0,0,3,1,0,0,0,1,0,0,1,0,21,0,0,"Normal"
"398",0,1,2,0,0,0,0,0,0,0,0,0,0,0,0,0,0,0,45,"Normal"
"399",161,3,127,1,0,0,16,34,723,0,2,1,0,0,89,0,69,2,205,"Very High"
"400",6,0,8,0,0,0,0,0,0,0,0,0,0,0,0,0,1,0,21,"Normal"
"401",0,0,0,0,0,0,0,0,0,0,0,0,0,0,0,0,2,0,14,"Normal"
"402",0,0,0,0,0,0,0,0,0,0,0,0,0,0,0,0,0,0,17,"Normal"
"403",71,2,33,0,1,1,2,0,0,1,0,1,0,0,0,0,2,0,111,"Normal"
"404",40,0,29,0,0,0,17,0,0,0,0,1,0,1,0,0,6,0,49,"Normal"
"405",156,17,149,0,0,0,21,0,0,0,1,8,0,0,0,0,39,1,625,"Very High"
"406",2,0,11,0,0,0,0,0,0,0,0,0,0,0,0,0,0,0,48,"Normal"
"407",109,21,62,0,0,5,1,32,52,0,2,2,0,0,0,24,1,2,21,"High"
"408",38,0,14,0,0,0,0,0,0,0,0,1,0,1,1,0,0,0,29,"Normal"
"409",2,0,11,0,0,0,0,0,0,0,0,0,0,0,0,0,0,0,48,"Normal"
"410",7,1,8,0,0,0,3,0,0,0,0,2,0,1,0,1,0,0,1,"Normal"
"411",2,0,2,0,0,0,0,0,0,0,0,0,0,0,0,0,1,0,0,"Normal"
"412",0,0,0,0,0,0,0,0,0,0,0,0,0,0,0,0,0,0,1,"Normal"
"413",2,0,3,0,0,0,0,0,0,0,0,0,0,0,0,0,1,0,15,"Normal"
"414",70,22,94,25,0,23,19,1,0,0,0,20,25,2,0,0,0,0,102,"High"
"415",1,0,0,0,0,0,0,0,0,0,0,0,0,0,0,0,0,0,32,"Normal"
"416",7,0,6,0,0,0,3,0,0,0,0,3,0,0,1,1,0,0,6,"Normal"
"417",66,1,85,0,0,0,0,0,0,0,0,1,0,0,1,17,30,0,74,"Normal"
"418",1,0,1,0,0,0,0,0,0,0,0,0,0,0,0,0,0,0,0,"Normal"
"419",14,0,3,0,0,0,1,0,0,0,0,0,0,0,0,0,0,0,22,"Normal"
"420",30,0,76,0,0,0,7,0,0,0,0,0,0,0,0,0,2,0,76,"Normal"
"421",4,0,0,0,0,0,1,0,0,0,0,0,0,0,0,0,1,0,0,"Normal"
"422",1,0,2,0,0,0,0,0,0,0,0,0,0,0,0,0,1,0,18,"Normal"
"423",65,8,70,0,0,1,1,77,1,0,1,6,0,0,0,0,151,1,84,"High"
"424",5,0,10,22,0,0,0,0,0,0,0,0,0,0,0,0,1,0,33,"Normal"
"425",19,0,9,0,0,0,1,0,21,0,0,0,0,1,0,1,14,0,0,"Normal"
"426",11,1,14,0,0,11,1,0,0,0,0,0,0,0,1,0,0,0,0,"Normal"
"427",24,0,4,0,0,0,3,0,0,0,0,0,0,0,1,0,1,0,2,"Normal"
"428",5,0,16,0,0,0,0,0,0,0,0,0,0,0,0,0,0,0,9,"Normal"
"429",306,167,227,51,0,64,2,6,0,0,6,0,0,1,2,8,26,6,83,"Very High"
"430",20,3,4,0,0,0,10,15,0,0,0,0,0,0,0,0,2,0,18,"Normal"
"431",0,0,0,0,0,0,0,0,0,0,0,0,0,0,0,0,2,0,14,"Normal"
"432",0,0,0,0,0,0,0,0,0,0,0,0,0,0,0,0,0,0,1,"Normal"
"433",135,2,73,0,0,0,28,0,0,1,2,7,0,0,1,28,1,2,292,"High"
"434",48,7,9,0,0,0,0,0,0,0,7,1,0,0,0,0,1,7,0,"Normal"
"435",2,0,7,0,0,0,2,0,0,0,0,0,0,0,1,0,26,0,5,"Normal"
"436",9,0,7,0,0,0,0,0,0,1,0,0,0,0,0,0,0,0,2,"Normal"
"437",0,0,0,0,0,0,0,0,0,0,0,0,0,0,0,0,0,0,19,"Normal"
"438",139,2,140,35,0,0,13,23,882,0,16,1,0,0,62,0,1,16,210,"Very High"
"439",0,0,0,0,0,0,0,0,0,0,0,0,0,0,0,0,0,0,76,"Normal"
"440",94,14,14,1,0,1,4,0,84,0,0,0,0,0,13,0,1,0,173,"High"
"441",2,0,0,0,0,0,0,0,0,0,0,0,0,0,0,0,0,0,103,"Normal"
"442",1,0,0,0,0,0,0,0,0,0,0,0,0,0,0,0,0,0,15,"Normal"
"443",0,0,0,0,0,0,0,0,0,0,0,0,0,0,0,0,0,0,17,"Normal"
"444",83,4,33,0,0,1,17,0,0,0,10,1,0,0,0,0,1,10,151,"High"
"445",1,0,0,0,0,0,0,0,0,0,0,0,0,0,0,0,0,0,0,"Normal"
"446",449,43,221,6,1,3,71,0,27,15,33,13,0,1,2,1,1,33,334,"Very High"
"447",337,30,148,0,0,1,39,0,699,0,24,22,0,0,2,0,3,24,318,"Very High"
"448",0,0,1,0,0,0,0,0,0,0,0,0,0,0,0,0,0,0,0,"Normal"
"449",53,10,52,22,0,0,19,20,0,0,0,16,0,2,0,0,3,0,30,"Normal"
"450",17,7,16,0,0,0,4,0,0,0,0,2,0,1,0,0,1,0,1,"Normal"
"451",2,1,4,0,0,1,0,1,0,0,0,0,0,0,0,0,1,0,38,"Normal"
"452",1,0,2,0,0,0,1,0,0,0,0,0,0,0,0,0,7,0,18,"Normal"
"453",31,0,14,0,0,0,11,0,0,0,0,1,0,0,0,0,8,0,9,"Normal"
"454",4,0,1,0,0,0,1,0,0,0,0,0,0,0,0,0,0,0,0,"Normal"
"455",229,77,118,0,0,17,12,0,0,0,1,5,13,1,0,0,2,1,3,"High"
"456",311,25,118,0,21,14,2,0,0,33,218,6,0,19,0,0,1,218,434,"Very High"
"457",71,0,17,0,0,0,0,0,0,0,0,1,0,1,6,0,0,0,29,"Normal"
"458",2,0,2,0,0,0,0,0,0,0,0,0,0,0,0,0,0,0,6,"Normal"
"459",0,0,0,0,0,0,0,0,0,0,0,0,0,0,0,0,0,0,0,"Normal"
"460",99,2,45,0,1,0,13,0,0,0,0,2,0,0,17,0,39,0,209,"High"
"461",80,0,27,0,0,0,1,0,0,0,0,1,1,0,1,0,1,0,56,"Normal"
"462",79,0,22,0,0,0,1,1,0,0,0,1,1,0,1,0,1,0,62,"Normal"
"463",197,2,84,0,0,0,39,0,0,11,3,19,0,0,2,28,2,3,329,"High"
"464",229,10,66,0,0,1,42,10,127,2,6,7,0,1,2,2,1,6,272,"High"
"465",125,25,108,0,0,17,15,0,547,0,2,0,5,0,39,0,66,2,157,"Very High"
"466",8,0,7,0,0,0,3,0,0,1,0,1,0,0,0,0,0,0,0,"Normal"
"467",3,0,2,0,0,0,1,0,0,0,0,0,0,0,0,0,0,0,0,"Normal"
"468",3,0,0,0,0,0,1,0,0,0,0,0,0,0,0,0,1,0,0,"Normal"
"469",74,3,44,22,0,0,18,0,0,0,1,1,0,1,0,1,1,1,73,"Normal"
"470",46,0,48,0,0,0,12,0,0,0,0,1,0,0,0,0,1,0,1,"Normal"
"471",983,164,338,36,11,46,20,179,1,18,208,38,0,27,1,13,2,208,382,"Massive"
"472",0,0,1,0,0,0,0,0,0,0,0,0,0,0,0,0,0,0,0,"Normal"
"473",0,0,0,0,0,0,0,0,0,0,0,0,0,0,0,0,0,0,0,"Normal"
"474",96,2,49,0,1,0,12,0,0,0,0,2,0,0,0,0,38,0,224,"High"
"475",162,16,157,0,0,0,36,0,0,0,1,8,0,0,0,0,39,1,597,"Very High"
"476",1393,196,460,35,12,36,21,350,1,18,86,46,20,31,6,13,5,86,355,"Massive"
"477",87,6,15,6,0,1,4,0,0,0,0,7,0,0,1,0,2,0,239,"High"
"478",223,72,187,0,0,1,12,0,1,0,0,0,0,1,7,47,5,0,220,"High"
"479",204,10,56,0,0,1,40,18,88,2,6,6,0,1,2,2,2,6,219,"High"
"480",61,1,65,6,0,1,0,0,0,0,0,7,0,0,1,17,29,0,114,"High"
"481",46,3,17,0,0,0,3,0,94,0,0,0,0,6,17,1,1,0,116,"High"
"482",6,5,14,0,0,0,0,0,0,0,0,0,0,0,0,0,40,0,1,"Normal"
"483",32,1,12,0,0,0,7,0,0,0,0,1,0,0,0,0,1,0,232,"Normal"
"484",84,4,41,22,0,0,16,5,0,0,0,5,1,1,1,3,3,0,27,"Normal"
"485",550,80,227,41,0,2,22,323,145,0,3,28,0,0,0,17,5,3,185,"Very High"
"486",54,2,31,0,0,1,3,1,0,0,0,2,0,0,1,0,1,0,0,"Normal"
"487",1,0,5,0,0,0,1,0,0,0,0,1,0,0,0,13,0,0,6,"Normal"
"488",1,0,0,0,0,0,0,0,0,0,0,0,0,0,0,0,0,0,3,"Normal"
"489",0,0,0,0,0,0,0,0,0,0,0,0,0,0,0,0,0,0,0,"Normal"
"490",393,30,144,1,2,1,66,0,0,2,11,9,0,0,1,1,1,11,516,"Very High"
"491",95,2,44,0,1,0,11,0,0,0,0,2,0,0,0,0,38,0,223,"High"
"492",96,8,41,0,1,0,13,0,0,0,0,1,0,0,17,0,39,0,208,"High"
"493",187,16,162,0,1,0,38,0,0,0,17,8,0,0,0,0,40,17,574,"Very High"
"494",104,8,44,0,1,0,11,0,0,0,1,1,0,0,0,0,2,1,179,"High"
"495",178,13,151,0,1,0,34,0,0,0,17,8,0,0,0,0,39,17,540,"Very High"
"496",96,8,41,0,1,0,11,0,0,0,1,1,0,0,0,0,2,1,180,"High"
"497",97,8,42,0,1,0,11,0,0,0,1,1,0,0,0,0,2,1,181,"High"
"498",92,2,14,0,0,0,4,0,0,0,0,1,0,0,33,0,0,0,0,"Normal"
"499",0,0,5,0,0,0,0,0,0,0,0,0,0,0,1,0,1,0,0,"Normal"
"500",13,0,12,0,0,0,0,1,0,0,0,0,0,0,0,0,0,0,0,"Normal"
"501",0,0,0,0,0,0,0,0,0,0,0,0,0,0,1,0,1,0,0,"Normal"
"502",23,0,12,0,0,0,0,2,0,0,0,0,0,0,1,0,0,0,0,"Normal"
"503",119,26,105,0,0,1,1,64,0,0,10,10,0,0,0,0,151,10,71,"High"
"504",488,65,236,25,0,1,0,0,29,0,5,29,0,1,7,0,3,5,156,"Very High"
"505",3,0,3,0,0,0,1,0,0,0,0,0,0,0,0,0,3,0,0,"Normal"
"506",66,1,90,0,0,0,0,0,0,0,0,1,0,0,1,17,29,0,85,"Normal"
"507",0,0,0,0,0,0,0,0,0,0,0,0,0,0,0,0,0,0,0,"Normal"
"508",125,1,80,25,0,0,6,1,1,0,2,0,0,0,7,5,2,2,0,"Normal"
"509",1,0,0,0,0,0,0,0,0,0,0,0,0,0,0,0,0,0,67,"Normal"
"510",95,3,72,0,0,0,24,0,0,0,0,0,1,1,1,2,8,0,73,"Normal"
"511",73,6,49,58,0,0,5,20,107,0,0,3,8,1,1,0,2,0,36,"High"
"512",0,0,0,0,0,0,0,0,0,0,0,0,0,0,0,0,0,0,0,"Normal"
"513",37,1,18,0,0,0,1,1,0,0,0,2,0,0,0,0,0,0,0,"Normal"
"514",65,13,15,0,0,0,3,0,94,0,0,0,0,5,17,0,1,0,171,"High"
"515",2,0,1,0,0,0,0,0,0,0,0,0,0,0,0,0,0,0,0,"Normal"
"516",62,2,9,6,0,1,4,0,0,0,0,7,0,0,1,0,1,0,245,"High"
"517",155,17,155,0,0,0,0,69,42,0,0,7,0,0,47,25,0,0,60,"High"
"518",0,0,0,0,0,0,1,0,0,0,0,0,0,0,0,0,37,0,0,"Normal"
"519",0,0,0,0,0,0,2,8,0,0,0,0,0,0,2,0,0,0,0,"Normal"
"520",95,8,43,0,1,0,13,0,0,0,1,1,0,0,0,0,2,1,132,"Normal"
"521",100,8,35,0,1,0,5,0,0,0,1,1,0,0,0,0,38,1,127,"High"
"522",0,0,0,0,0,0,0,0,0,0,0,0,0,0,1,0,1,0,0,"Normal"
"523",210,12,155,0,2,0,43,0,0,0,18,20,0,0,0,0,39,18,484,"Very High"
"524",119,12,27,0,20,0,1,0,0,8,15,0,0,19,0,0,2,15,325,"High"
"525",18,0,21,0,0,0,1,0,0,0,0,0,0,0,10,0,59,0,12,"Normal"
"526",141,13,159,15,0,0,17,24,564,0,3,0,1,0,38,0,66,3,192,"Very High"
"527",1,0,1,0,0,0,0,0,0,0,0,1,0,26,0,0,1,0,0,"Normal"
"528",184,1,84,0,0,0,36,0,0,7,3,20,0,0,2,28,1,3,329,"High"
"529",140,4,121,1,0,0,16,34,723,0,2,1,0,0,89,0,68,2,210,"Very High"
"530",90,7,24,0,0,0,2,0,0,0,15,1,0,0,0,0,2,15,164,"High"
"531",80,20,83,26,0,26,24,1,0,0,0,26,21,2,0,0,2,0,110,"High"
"532",349,21,226,54,0,0,16,40,850,0,0,1,0,0,37,0,2,0,369,"Very High"
"533",6,2,7,0,0,1,2,6,0,0,0,0,0,0,0,0,0,0,0,"Normal"
"534",107,5,69,1,19,0,21,0,0,12,10,0,0,0,0,0,1,10,334,"High"
"535",73,14,14,0,0,0,5,0,1,0,0,1,0,0,0,0,2,0,211,"High"
"536",60,1,15,6,0,1,8,0,0,0,0,7,0,0,1,0,1,0,236,"High"
"537",1044,146,397,39,2,49,27,142,0,22,205,37,15,12,0,13,2,205,327,"Massive"
"538",23,0,51,0,0,0,0,0,0,0,0,8,0,0,0,0,20,0,0,"Normal"
"539",6,1,8,0,0,0,1,0,0,0,0,0,0,0,0,0,0,0,0,"Normal"
"540",60,1,15,6,0,1,8,0,0,0,0,7,0,0,0,0,1,0,235,"High"
"541",193,13,84,0,1,1,21,1,0,25,13,10,0,0,0,1,3,13,42,"High"
"542",50,0,32,0,0,0,6,0,0,0,0,0,0,1,0,0,7,0,41,"Normal"
"543",25,0,7,0,0,0,2,0,0,0,0,0,0,0,1,0,1,0,0,"Normal"
"544",184,2,155,72,0,0,13,40,907,0,17,7,0,25,72,0,1,17,272,"Very High"
"545",9,0,1,0,0,0,1,0,0,0,0,1,0,0,0,0,0,0,0,"Normal"
"546",135,13,125,14,0,0,17,24,534,0,2,0,1,0,39,0,66,2,180,"Very High"
"547",2,0,1,0,0,0,1,0,0,0,0,0,0,0,0,0,0,0,1,"Normal"
"548",2,1,2,0,0,0,2,0,0,0,0,0,0,0,1,0,1,0,0,"Normal"
"549",29,30,31,0,0,0,21,15,0,0,0,0,0,0,1,0,124,0,0,"Normal"
"550",377,47,282,54,0,0,11,55,810,0,0,0,0,0,30,0,1,0,318,"Very High"
"551",67,18,40,0,0,0,8,0,0,0,0,0,1,0,0,0,1,0,0,"Normal"
"552",92,8,43,0,1,0,13,0,0,0,1,1,0,0,0,0,2,1,132,"Normal"
"553",43,4,33,0,0,0,8,0,0,0,1,1,0,0,0,1,1,1,34,"Normal"
"554",150,12,122,0,0,0,17,0,0,0,1,8,0,0,0,0,39,1,571,"Very High"
"555",136,4,105,0,0,0,17,0,0,0,1,8,0,0,0,0,38,1,541,"Very High"
"556",95,4,56,0,1,0,11,0,0,0,0,2,0,0,0,0,38,0,264,"High"
"557",105,3,59,0,1,0,10,0,0,0,0,1,0,0,0,0,39,0,280,"High"
"558",0,0,0,0,0,0,1,0,0,0,0,0,0,0,0,0,0,0,0,"Normal"
"559",0,0,0,0,0,0,0,0,0,0,0,0,0,0,0,0,0,0,1,"Normal"
"560",28,10,14,22,0,0,4,0,0,0,0,2,0,0,9,0,14,0,5,"Normal"
"561",80,20,79,26,0,26,18,1,0,0,0,26,5,2,0,0,2,0,111,"High"
"562",23,1,4,0,0,0,0,0,0,0,0,0,0,0,0,0,1,0,0,"Normal"
"563",3,2,5,0,0,1,0,1,0,0,0,0,0,0,0,0,1,0,38,"Normal"
"564",868,130,281,29,11,39,15,140,1,18,194,15,0,27,1,13,2,194,340,"Massive"
"565",4,1,3,0,0,0,1,1,0,0,0,0,0,0,1,0,1,0,0,"Normal"
"566",95,2,40,0,1,0,13,0,0,0,0,1,0,0,0,0,38,0,208,"High"
"567",8,1,2,0,0,0,0,0,0,0,0,0,0,0,0,2,9,0,1,"Normal"
"568",264,36,161,25,0,1,0,0,29,0,0,11,0,1,7,0,5,0,224,"High"
"569",1,0,0,0,0,0,0,0,0,0,0,0,0,0,0,0,0,0,59,"Normal"
"570",150,67,112,0,0,1,10,0,1,0,0,0,0,0,0,35,4,0,193,"High"
"571",263,74,210,0,0,1,28,0,0,0,0,9,0,0,11,0,138,0,68,"Very High"
"572",110,26,95,15,0,1,0,0,0,0,0,0,0,1,7,0,5,0,191,"High"
"573",2,0,7,0,0,0,2,0,0,0,0,0,0,0,1,0,26,0,5,"Normal"
"574",156,3,78,0,0,0,29,0,0,1,1,7,0,0,2,28,2,1,354,"High"
"575",176,13,144,0,0,0,38,0,0,0,17,8,0,0,0,0,39,17,552,"Very High"
"576",18,1,43,0,0,0,3,0,0,0,0,2,0,0,0,0,1,0,0,"Normal"
"577",533,84,256,0,0,1,17,0,30,0,9,29,0,1,7,18,4,9,124,"Very High"
"578",110,18,128,8,0,0,1,12,68,0,1,6,0,0,47,25,1,1,55,"High"
"579",0,0,0,0,0,0,0,0,0,0,0,0,0,0,0,0,1,0,0,"Normal"
"580",255,26,97,0,3,1,55,10,0,2,7,7,0,1,1,2,2,7,374,"Very High"
"581",97,4,99,0,0,0,9,0,0,0,1,8,0,0,0,0,38,1,541,"High"
"582",2,0,1,0,0,0,0,0,0,0,0,0,0,0,0,0,0,0,114,"Normal"
"583",155,15,28,0,21,0,3,0,0,23,16,0,0,19,0,0,1,16,352,"High"
"584",129,8,46,0,1,0,9,0,0,0,3,1,0,0,17,0,2,3,97,"High"
"585",75,20,28,22,0,0,3,0,0,0,0,2,0,1,9,0,66,0,0,"Normal"
"586",43,3,66,0,0,1,3,1,37,0,0,13,0,0,1,0,4,0,143,"High"
"587",323,35,131,5,3,2,25,0,27,29,100,6,0,0,0,0,1,100,375,"Very High"
"588",68,14,12,0,0,0,4,0,0,0,0,1,0,0,0,0,2,0,231,"High"
"589",68,1,65,0,0,0,22,0,0,0,0,13,0,0,0,14,24,0,0,"Normal"
"590",196,17,84,0,3,0,46,0,0,0,21,10,0,0,0,0,3,21,500,"Very High"
"591",186,20,114,1,3,1,35,0,0,7,3,11,0,0,0,0,1,3,439,"Very High"
"592",1,1,2,0,0,0,1,0,21,0,0,0,0,0,0,1,13,0,29,"Normal"
"593",0,0,0,11,0,0,0,0,0,0,0,0,0,0,0,0,0,0,1,"Normal"
"594",58,6,84,0,0,0,5,1,0,0,0,12,0,0,0,0,1,0,0,"Normal"
"595",26,0,10,0,0,0,3,0,0,0,0,2,0,0,0,0,10,0,1,"Normal"
"596",0,0,3,1,0,0,5,1,0,0,0,0,0,0,1,0,0,0,0,"Normal"
"597",2,1,18,0,0,0,0,0,0,0,0,0,0,0,0,0,2,0,0,"Normal"
"598",14,0,8,0,0,0,0,0,0,0,0,1,0,0,30,0,1,0,0,"Normal"
"599",61,2,34,6,0,1,3,1,0,0,0,7,0,0,1,0,30,0,217,"High"
"600",80,0,22,0,0,0,1,1,0,0,0,1,1,0,1,0,1,0,55,"Normal"
"601",9,0,20,0,0,0,2,0,9,0,0,2,0,0,0,0,1,0,72,"Normal"
"602",18,0,6,0,0,0,0,0,0,0,0,1,0,1,1,0,1,0,24,"Normal"
"603",61,2,34,6,0,1,3,1,0,0,0,7,0,0,1,0,30,0,217,"High"
"604",59,1,29,6,0,1,7,0,0,0,0,7,0,0,1,0,30,0,236,"High"
"605",132,13,53,0,1,0,5,0,0,22,12,1,0,0,27,0,2,12,48,"High"
"606",1,0,0,1,0,0,3,8,0,0,0,0,0,0,2,0,1,0,1,"Normal"
"607",156,3,76,0,0,0,29,0,0,1,1,7,0,0,2,28,2,1,354,"High"
"608",60,1,29,0,0,0,14,0,0,0,0,1,0,0,0,0,1,0,107,"Normal"
"609",5,0,5,0,0,0,4,0,0,0,0,1,0,26,1,0,1,0,0,"Normal"
"610",67,13,96,0,0,21,2,1,555,0,2,1,0,0,0,11,1,2,72,"Very High"
"611",151,13,163,15,0,0,17,24,564,0,3,0,1,0,38,0,66,3,211,"Very High"
"612",0,0,0,0,0,0,0,0,0,0,0,0,0,0,0,0,0,0,0,"Normal"
"613",78,5,40,0,0,0,1,9,0,1,0,0,0,0,1,0,14,0,7,"Normal"
"614",75,1,51,1,0,0,21,0,0,0,0,17,0,0,0,14,24,0,0,"Normal"
"615",74,1,46,1,0,0,21,0,0,0,0,17,0,0,0,14,24,0,0,"Normal"
"616",0,0,0,0,0,0,0,0,0,0,0,0,0,0,15,0,2,0,18,"Normal"
"617",336,64,266,12,0,6,5,2,28,0,14,0,0,1,23,0,2,14,56,"Very High"
"618",44,17,41,1,0,0,6,0,0,0,0,1,0,0,0,0,72,0,0,"Normal"
"619",60,1,15,6,0,1,8,0,0,0,0,7,0,0,0,0,1,0,236,"High"
"620",0,0,0,0,0,0,0,0,0,0,0,0,0,0,0,0,0,0,1,"Normal"
"621",13,6,7,0,0,9,2,0,0,0,0,1,0,0,0,0,1,0,0,"Normal"
"622",2,0,1,0,0,0,1,0,0,0,0,1,0,0,0,0,1,0,0,"Normal"
"623",139,19,84,0,0,1,0,0,0,0,6,14,0,1,1,173,2,6,1,"High"
"624",4,1,3,0,0,0,2,0,0,0,0,0,0,0,0,0,1,0,0,"Normal"
"625",219,9,98,0,4,0,53,0,0,2,18,12,0,0,0,0,1,18,457,"Very High"
"626",243,20,118,25,0,0,11,0,0,0,0,0,0,1,0,0,2,0,156,"High"
"627",89,18,103,0,0,0,3,9,52,0,1,5,0,0,47,24,2,1,26,"High"
"628",18,2,8,0,0,0,1,1,0,0,0,1,0,0,0,0,19,0,0,"Normal"
"629",31,0,76,0,0,0,0,0,0,0,0,0,0,0,0,0,2,0,76,"Normal"
"630",270,104,188,0,0,1,37,0,0,0,0,8,0,0,1,0,7,0,119,"High"
"631",48,6,17,0,0,0,22,20,107,0,0,9,8,1,1,0,2,0,18,"Normal"
"632",87,24,103,0,0,1,4,17,9,0,1,19,0,0,1,0,3,1,159,"High"
"633",1,0,0,0,0,0,0,0,0,0,0,0,0,0,0,0,0,0,0,"Normal"
"634",660,91,339,37,0,25,47,56,27,25,146,6,15,1,0,0,2,146,323,"Very High"
"635",59,1,20,6,0,1,7,0,0,0,0,7,0,0,1,0,30,0,236,"High"
"636",24,1,10,0,0,0,4,0,107,0,0,0,0,0,0,0,1,0,0,"Normal"
"637",50,10,40,0,0,18,8,0,0,0,0,0,0,0,0,0,2,0,0,"Normal"
"638",497,63,208,42,0,2,21,262,182,0,0,26,0,0,0,17,3,0,199,"Very High"
"639",142,13,156,14,0,17,16,24,548,0,3,0,1,0,39,0,66,3,199,"Very High"
"640",130,12,141,14,0,0,17,24,624,0,2,0,1,0,39,0,66,2,188,"Very High"
"641",182,9,82,0,0,1,27,0,607,0,9,2,0,0,2,0,3,9,158,"Very High"
"642",150,13,162,15,0,17,17,24,564,0,3,0,1,0,38,0,66,3,212,"Very High"
"643",140,4,117,1,0,0,16,34,744,0,2,1,0,0,88,0,3,2,213,"Very High"
"644",0,0,0,0,0,0,0,0,0,0,0,0,0,0,0,0,1,0,1,"Normal"
"645",310,18,228,29,0,0,8,46,810,0,33,1,0,0,43,0,2,33,350,"Very High"
"646",76,17,95,0,0,1,1,69,1,0,0,6,0,0,0,0,136,0,93,"High"
"647",0,0,0,0,0,0,0,0,0,0,0,0,0,0,0,0,0,0,0,"Normal"
"648",161,14,155,0,0,0,28,0,0,0,1,8,0,0,0,0,39,1,597,"Very High"
"649",63,5,12,0,0,0,3,0,0,0,0,1,0,0,0,0,2,0,246,"High"
"650",162,16,145,0,0,0,28,0,0,0,1,8,0,0,0,0,40,1,592,"Very High"
"651",48,0,46,0,0,0,7,0,0,0,0,5,0,1,6,0,0,0,0,"Normal"
"652",0,0,0,0,0,0,0,0,0,0,0,0,0,0,0,0,0,0,5,"Normal"
"653",0,0,1,0,0,0,0,0,0,0,0,0,0,0,0,0,0,0,21,"Normal"
"654",150,13,162,15,0,0,17,24,564,0,3,0,1,0,38,0,66,3,212,"Very High"
"655",61,2,34,6,0,1,3,0,0,0,0,7,0,0,1,0,30,0,211,"High"
"656",431,58,229,22,0,13,45,41,43,26,118,5,0,1,0,0,2,118,267,"Very High"
"657",295,174,245,51,0,65,1,6,0,0,1,0,0,1,2,8,26,1,84,"Very High"
"658",93,13,12,0,0,0,4,0,88,0,0,0,0,5,6,1,1,0,109,"High"
"659",95,7,25,0,0,0,5,0,0,9,23,1,0,0,0,0,2,23,152,"High"
"660",33,1,3,0,0,0,1,1,0,0,0,0,0,0,0,0,2,0,0,"Normal"
"661",1614,207,553,42,13,42,38,288,0,13,72,41,25,38,6,5,3,72,449,"Massive"
"662",149,4,133,0,0,0,17,0,0,0,1,8,0,0,0,0,39,1,579,"Very High"
"663",159,13,138,0,0,0,28,0,0,0,1,8,0,0,0,0,39,1,567,"Very High"
"664",23,4,31,0,0,0,1,0,0,0,0,2,0,0,0,0,9,0,12,"Normal"
"665",36,0,33,0,0,0,9,0,0,0,0,1,0,0,0,0,9,0,15,"Normal"
"666",0,0,0,0,0,0,0,0,0,0,0,0,0,0,0,0,0,0,1,"Normal"
"667",53,13,17,0,0,0,3,0,94,0,0,1,0,5,17,1,1,0,116,"High"
"668",205,86,245,21,0,51,27,2,72,0,1,0,0,2,0,19,4,1,52,"High"
"669",825,109,437,67,1,13,31,125,940,17,70,35,0,21,43,0,2,70,482,"Massive"
"670",16,2,18,0,0,2,3,1,0,0,0,2,1,3,0,17,1,0,4,"Normal"
"671",157,3,74,0,0,0,29,0,0,1,1,7,0,0,2,28,2,1,354,"High"
"672",61,2,34,6,0,1,3,1,0,0,0,7,0,0,1,0,30,0,217,"High"
"673",1,0,2,0,0,0,0,0,0,0,0,0,0,0,0,0,1,0,139,"Normal"
"674",1,0,7,0,0,0,1,0,0,0,0,0,0,0,0,0,0,0,43,"Normal"
"675",70,6,47,29,0,0,21,20,51,0,0,10,8,1,1,0,2,0,32,"Normal"
"676",161,9,33,0,0,1,16,23,114,1,5,5,0,1,0,0,4,5,151,"High"
"677",5,0,3,0,0,0,1,0,0,0,0,1,0,0,0,0,0,0,0,"Normal"
"678",102,8,43,0,1,0,11,0,0,0,0,1,0,0,0,0,2,0,208,"High"
"679",114,8,35,0,1,1,5,0,0,0,1,1,0,0,0,0,2,1,113,"Normal"
"680",72,0,20,0,0,0,1,0,0,0,0,1,1,0,1,0,1,0,45,"Normal"
"681",1,0,0,0,0,0,0,0,0,0,0,0,0,0,0,0,0,0,0,"Normal"
"682",0,0,0,0,0,0,0,0,0,0,0,0,0,0,0,0,0,0,0,"Normal"
"683",875,98,422,34,1,11,27,78,904,0,83,45,20,21,53,0,2,83,456,"Massive"
"684",101,2,22,0,0,0,13,0,0,5,14,8,0,13,0,1,1,14,23,"Normal"
"685",62,1,15,6,0,1,8,0,0,0,0,7,0,0,1,0,1,0,227,"High"
"686",175,34,90,16,0,17,13,0,0,0,0,0,12,1,0,0,2,0,0,"High"
"687",235,50,96,0,0,0,8,0,0,0,11,0,0,3,0,18,26,11,0,"High"
"688",19,7,25,35,0,0,4,0,0,0,0,2,0,0,0,0,0,0,0,"Normal"
"689",215,50,84,0,0,0,3,0,0,0,11,0,0,3,0,7,26,11,0,"High"
"690",33,2,26,0,0,0,2,0,0,7,5,2,0,0,0,0,0,5,0,"Normal"
"691",38,0,53,0,0,0,0,0,0,0,0,0,0,0,0,0,0,0,2,"Normal"
"692",189,26,141,0,0,0,1,79,42,0,0,7,0,0,0,25,136,0,68,"High"
"693",18,0,24,13,0,0,10,0,0,0,0,0,0,0,0,0,1,0,0,"Normal"
"694",150,12,120,0,0,0,17,0,0,0,1,8,0,0,0,0,38,1,573,"Very High"
"695",159,75,157,0,0,0,27,0,1,0,0,6,0,0,0,59,6,0,140,"High"
"696",196,14,166,0,2,0,35,0,0,0,18,16,0,0,0,0,39,18,565,"Very High"
"697",34,2,16,0,0,0,0,0,0,0,8,1,0,0,0,2,0,8,23,"Normal"
"698",40,2,17,0,0,0,17,0,0,0,8,1,0,0,0,2,0,8,43,"Normal"
"699",41,2,17,0,0,0,17,0,0,0,12,1,0,0,0,2,0,12,43,"Normal"
"700",41,2,17,0,0,0,17,0,0,0,12,1,0,0,0,2,0,12,43,"Normal"
"701",98,8,35,0,1,0,5,0,0,0,1,1,0,0,0,0,38,1,127,"High"
"702",153,13,60,0,1,1,15,1,0,24,14,1,0,0,0,0,2,14,40,"High"
"703",2,0,2,0,0,0,0,0,0,0,0,0,0,0,0,0,0,0,0,"Normal"
"704",138,0,54,16,0,0,13,0,0,0,0,6,0,1,0,0,1,0,58,"Normal"
"705",3,0,1,0,0,0,4,0,0,0,0,0,0,0,1,0,1,0,5,"Normal"
"706",29,0,13,0,0,0,7,0,0,0,0,2,0,0,0,0,1,0,242,"Normal"
"707",283,177,219,51,0,64,2,6,0,0,1,0,0,1,1,8,26,1,85,"Very High"
"708",178,16,157,0,0,0,38,0,0,0,9,8,0,0,0,0,40,9,583,"Very High"
"709",203,14,161,0,2,0,35,0,0,0,18,16,0,0,0,0,40,18,564,"Very High"
"710",151,7,72,0,1,1,18,1,0,32,9,10,0,0,0,1,3,9,41,"High"
"711",111,26,76,0,0,1,1,64,0,0,10,6,0,0,0,0,151,10,71,"High"
"712",1,0,0,0,0,0,0,0,0,0,0,0,0,0,0,0,1,0,0,"Normal"
"713",60,3,10,0,0,0,3,1,0,0,0,1,0,0,0,0,21,0,0,"Normal"
"714",159,16,161,0,0,0,0,69,42,0,0,7,0,0,47,25,135,0,61,"High"
"715",107,2,79,35,0,0,6,1,0,0,2,10,0,0,7,5,2,2,0,"Normal"
"716",0,0,0,0,0,0,0,0,0,0,0,0,0,0,0,0,0,0,30,"Normal"
"717",2,0,1,0,0,0,0,0,0,0,0,0,0,0,0,0,0,0,0,"Normal"
"718",38,11,47,0,0,0,3,1,0,0,0,1,0,0,17,0,39,0,23,"Normal"
"719",151,67,120,0,0,1,10,0,1,0,0,0,0,0,0,35,4,0,191,"High"
"720",14,1,19,0,0,0,2,0,9,0,0,2,0,0,0,0,1,0,73,"Normal"
"721",3,0,2,0,0,0,0,0,0,0,0,0,0,0,1,0,1,0,6,"Normal"
"722",0,0,0,0,0,0,0,0,0,0,0,0,0,0,0,0,0,0,1,"Normal"
"723",119,4,58,0,1,0,12,0,0,0,0,2,0,0,0,0,39,0,277,"High"
"724",148,4,133,0,0,0,17,0,0,0,1,8,0,0,0,0,39,1,573,"Very High"
"725",0,0,0,0,0,0,0,0,0,0,0,0,0,0,0,0,0,0,0,"Normal"
"726",131,13,51,0,0,0,19,16,0,11,2,11,0,0,1,0,0,2,0,"Normal"
"727",0,0,0,0,0,1,1,0,0,0,0,0,0,0,0,0,0,0,0,"Normal"
"728",111,12,9,0,0,0,4,1,0,0,0,0,0,22,6,1,1,0,99,"Normal"
"729",9,6,16,0,0,1,1,0,595,0,1,1,1,0,0,0,0,1,0,"High"
"730",59,1,29,6,0,1,7,0,0,0,0,7,0,0,1,0,30,0,236,"High"
"731",59,1,34,6,0,1,7,1,0,0,0,7,0,0,1,0,30,0,204,"High"
"732",179,15,173,0,2,0,38,0,0,0,18,16,0,0,0,0,39,18,570,"Very High"
"733",527,79,225,41,0,2,22,330,145,0,3,28,0,0,0,17,4,3,190,"Very High"
"734",1,0,0,0,0,0,0,0,0,0,0,0,0,0,0,0,0,0,1,"Normal"
"735",61,2,34,6,0,1,3,1,0,0,0,7,0,0,1,0,30,0,217,"High"
"736",1,0,0,1,0,0,1,0,0,0,0,0,0,0,0,0,0,0,1,"Normal"
"737",131,11,44,0,0,0,13,0,0,34,62,15,0,0,2,1,3,62,211,"High"
"738",51,31,76,0,1,1,17,36,0,0,0,8,5,0,8,0,18,0,0,"Normal"
"739",0,0,0,0,0,0,1,0,0,0,0,0,0,0,0,0,0,0,0,"Normal"
"740",130,4,107,0,0,0,9,0,0,0,1,8,0,0,0,0,38,1,575,"Very High"
"741",72,6,47,44,0,0,5,20,107,0,0,3,8,1,1,0,1,0,23,"High"
"742",0,0,5,0,0,0,3,0,0,0,0,2,0,0,0,0,0,0,0,"Normal"
"743",87,3,49,22,0,0,21,0,0,0,0,4,1,2,1,3,8,0,55,"Normal"
"744",234,50,116,16,0,29,29,0,0,0,0,0,12,1,1,0,2,0,0,"High"
"745",50,4,13,0,0,0,3,1,0,0,0,1,0,0,1,0,21,0,0,"Normal"
"746",35,3,11,0,0,0,3,1,0,0,0,1,0,0,1,0,21,0,0,"Normal"
"747",42,3,11,0,0,0,3,1,0,0,0,1,0,0,1,0,21,0,0,"Normal"
"748",2,0,0,0,0,0,1,0,0,0,0,0,0,0,0,0,0,0,0,"Normal"
"749",410,83,234,10,0,0,28,1,30,0,9,16,0,0,7,14,3,9,94,"Very High"
"750",357,214,260,84,0,53,0,0,0,0,12,0,0,4,1,19,0,12,63,"Very High"
"751",350,214,260,84,0,53,0,0,0,0,12,0,0,4,1,19,0,12,63,"Very High"
"752",230,49,144,0,0,1,19,0,0,0,0,14,0,0,11,0,138,0,68,"High"
"753",10,4,4,0,0,0,4,0,0,0,0,0,0,0,1,0,1,0,0,"Normal"
"754",11,0,9,0,0,0,1,0,0,0,0,0,0,10,30,0,1,0,1,"Normal"
"755",164,13,171,14,0,17,23,24,548,0,3,0,1,0,38,0,66,3,201,"Very High"
"756",14,0,0,12,0,0,0,0,0,0,0,0,0,0,1,0,48,0,0,"Normal"
"757",98,15,92,15,0,0,34,0,89,0,0,9,0,0,0,0,0,0,0,"High"
"758",0,0,1,0,0,0,0,0,0,0,0,0,0,0,0,0,0,0,1,"Normal"
"759",0,0,0,0,0,0,1,0,0,0,0,0,0,0,0,0,1,0,1,"Normal"
"760",191,2,88,0,0,0,30,0,0,2,1,14,0,0,3,28,1,1,339,"High"
"761",28,0,0,20,0,0,7,0,0,0,0,0,0,0,0,0,0,0,0,"Normal"
"762",117,3,95,0,0,0,17,0,0,0,1,8,0,0,0,0,38,1,459,"High"
"763",144,4,105,0,0,0,17,0,0,0,1,8,0,0,0,0,38,1,541,"Very High"
"764",151,13,68,0,1,1,21,1,0,24,13,5,0,0,0,0,3,13,42,"High"
"765",36,1,11,1,0,0,1,0,21,0,0,0,0,19,0,1,14,0,49,"Normal"
"766",36,1,22,6,0,1,7,0,0,0,0,7,0,0,0,0,1,0,196,"Normal"
"767",132,9,31,0,0,1,15,23,114,1,0,5,0,1,0,0,4,0,133,"High"
"768",98,8,41,0,1,0,11,0,0,0,0,1,0,0,0,0,2,0,208,"High"
"769",0,0,0,0,0,0,0,0,0,0,0,0,0,0,0,0,0,0,19,"Normal"
"770",111,12,107,0,0,0,9,0,0,0,1,8,0,0,0,0,39,1,446,"High"
"771",62,2,14,6,0,1,4,0,0,0,0,7,0,0,1,0,1,0,237,"High"
"772",132,4,106,0,1,0,12,0,0,0,1,9,0,0,0,0,39,1,384,"High"
"773",129,3,94,0,0,0,17,0,0,0,1,8,0,0,0,0,38,1,471,"High"
"774",0,0,0,0,0,0,0,0,0,0,0,0,0,0,0,0,0,0,1,"Normal"
"775",2,0,0,0,0,0,0,0,0,0,0,0,0,0,0,0,0,0,0,"Normal"
"776",73,13,14,0,0,0,5,0,85,0,0,1,0,0,0,0,1,0,211,"High"
"777",207,17,32,0,21,1,3,0,0,15,58,0,0,19,0,0,2,58,452,"Very High"
"778",78,25,102,0,0,1,3,20,37,0,1,18,0,0,1,0,19,1,143,"High"
"779",0,0,0,0,0,0,0,0,0,0,0,0,0,0,0,0,1,0,0,"Normal"
"780",14,7,31,0,0,2,1,1,10,0,0,1,0,0,0,0,0,0,21,"Normal"
"781",38,22,55,0,0,1,3,9,9,0,0,7,0,0,1,0,1,0,159,"High"
"782",227,16,120,19,0,0,38,0,0,1,1,9,0,1,3,31,2,1,487,"Very High"
"783",12,3,4,0,0,0,0,0,0,0,1,1,0,0,0,0,0,1,1,"Normal"
"784",43,25,39,9,0,0,11,1,0,0,0,0,0,19,0,1,18,0,0,"Normal"
"785",2,1,0,0,0,0,0,0,0,0,0,0,0,0,0,0,0,0,0,"Normal"
"786",149,13,60,0,1,1,15,1,0,24,13,1,0,0,0,0,2,13,44,"High"
"787",10,0,6,0,0,0,0,0,0,0,0,0,0,0,0,0,0,0,0,"Normal"
"788",129,8,53,0,1,1,5,0,0,0,3,1,0,0,0,0,2,3,100,"High"
"789",88,3,69,22,0,0,25,0,0,0,1,1,0,1,0,2,7,1,86,"High"
"790",16,1,15,1,0,0,5,0,0,0,0,0,0,1,27,0,0,0,0,"Normal"
"791",14,7,31,0,0,2,1,1,10,0,0,1,0,0,0,0,0,0,21,"Normal"
"792",0,0,0,0,0,0,0,0,0,0,0,0,0,0,1,0,0,0,0,"Normal"
"793",221,19,114,0,2,0,52,0,0,0,21,21,0,0,0,0,3,21,470,"Very High"
"794",283,24,152,0,2,0,56,0,0,0,17,22,0,0,0,0,4,17,505,"Very High"
"795",138,17,42,0,0,1,15,27,127,0,0,5,0,1,0,0,3,0,128,"High"
"796",1019,126,315,13,12,27,16,244,1,23,108,15,5,27,6,13,3,108,303,"Massive"
"797",210,20,156,0,2,0,44,0,0,0,17,21,0,0,0,0,39,17,459,"Very High"
"798",141,13,158,14,0,17,22,0,548,0,3,0,1,0,38,0,66,3,198,"Very High"
"799",587,127,355,17,0,20,16,0,29,0,15,33,0,4,0,28,27,15,74,"Very High"
"800",292,132,249,21,0,60,25,1,548,0,2,0,0,1,1,9,3,2,73,"Very High"
"801",30,1,10,6,0,1,7,0,0,0,0,2,0,0,0,0,1,0,208,"Normal"
"802",0,0,0,0,0,0,0,0,0,0,0,0,0,0,0,0,0,0,0,"Normal"
"803",87,6,15,6,0,1,4,0,0,0,0,7,0,0,1,0,2,0,243,"High"
"804",444,30,139,14,2,1,62,0,0,2,11,13,0,1,1,1,1,11,572,"Very High"
"805",91,23,24,0,0,0,1,0,0,105,34,7,0,0,0,0,1,34,11,"High"
"806",0,0,0,0,0,0,0,0,0,0,0,0,0,0,1,0,1,0,0,"Normal"
"807",146,4,121,0,0,0,17,0,0,0,1,8,0,0,0,0,38,1,562,"Very High"
"808",164,13,169,15,0,0,23,24,564,0,3,0,1,0,38,0,66,3,193,"Very High"
"809",139,12,140,1,0,0,25,34,640,0,2,0,0,0,39,0,68,2,166,"Very High"
"810",331,20,110,25,0,0,11,0,0,0,0,0,0,1,0,24,2,0,104,"High"
"811",18,0,7,0,0,0,0,0,0,0,0,0,0,1,0,0,14,0,0,"Normal"
"812",11,5,66,0,0,0,5,1,0,0,0,7,0,0,0,0,2,0,26,"Normal"
"813",102,8,43,0,1,0,11,0,0,0,0,1,0,0,0,0,2,0,208,"High"
"814",90,8,45,0,1,0,11,0,0,0,0,1,0,0,0,0,2,0,207,"High"
"815",405,46,219,6,1,12,62,0,43,26,97,6,0,1,1,1,1,97,322,"Very High"
"816",876,117,424,88,1,18,32,230,809,17,65,36,0,21,0,0,2,65,446,"Massive"
"817",309,19,182,0,0,1,31,22,735,0,18,7,0,0,31,0,6,18,243,"Very High"
"818",1294,171,397,35,12,29,18,384,1,10,47,45,5,31,6,30,5,47,333,"Massive"
"819",2,0,1,0,0,0,0,0,0,0,0,0,0,0,0,0,0,0,0,"Normal"
"820",963,120,497,68,1,18,36,198,809,17,72,37,0,21,0,0,2,72,508,"Massive"
"821",1473,200,488,87,13,31,36,464,65,19,52,38,9,37,0,22,4,52,420,"Massive"
"822",3,0,1,0,0,0,1,0,0,0,0,0,0,0,0,0,2,0,0,"Normal"
"823",296,23,138,1,2,1,34,0,0,9,18,8,0,0,0,0,2,18,556,"Very High"
"824",74,13,19,0,0,0,4,0,94,0,0,7,0,6,17,1,1,0,67,"High"
"825",38,0,17,0,0,0,1,0,0,0,0,1,0,0,0,0,0,0,15,"Normal"
"826",0,0,1,0,0,0,0,0,0,0,0,0,0,0,0,0,0,0,1,"Normal"
"827",0,0,0,0,0,0,0,0,0,0,0,0,0,0,1,0,1,0,0,"Normal"
"828",4,1,0,0,0,0,0,0,0,0,0,0,0,1,0,0,0,0,0,"Normal"
"829",0,0,1,0,0,0,1,0,0,0,0,1,1,0,0,0,0,0,0,"Normal"
"830",0,0,0,0,0,0,0,0,0,0,0,0,0,0,1,0,1,0,0,"Normal"
"831",0,0,2,0,0,0,0,0,0,0,0,0,0,0,0,0,0,0,0,"Normal"
"832",865,99,421,34,1,21,56,102,957,0,69,52,20,18,29,0,3,69,286,"Massive"
"833",108,0,61,0,0,0,0,1,0,22,0,0,0,0,0,0,1,0,11,"Normal"
"834",13,0,10,0,0,1,1,0,0,0,0,1,0,0,0,1,1,0,2,"Normal"
"835",145,13,60,0,1,1,15,1,0,23,12,1,0,0,0,0,2,12,49,"High"
"836",204,10,56,0,0,1,40,18,88,2,6,6,0,1,2,2,2,6,219,"High"
"837",209,10,57,0,0,1,40,18,88,2,6,6,0,1,2,2,2,6,244,"High"
"838",0,0,0,0,0,0,0,0,0,0,0,0,0,0,0,0,0,0,1,"Normal"
"839",2,0,1,0,0,0,0,0,0,0,0,0,0,0,0,0,0,0,0,"Normal"
"840",17,1,11,0,0,0,2,0,0,0,0,0,0,0,0,0,0,0,0,"Normal"
"841",51,13,26,0,0,5,1,0,0,0,2,3,0,1,0,1,0,2,7,"Normal"
"842",63,1,32,0,0,0,12,0,0,0,0,0,0,0,0,0,1,0,117,"Normal"
"843",1,0,8,0,0,0,2,0,0,0,0,1,0,0,0,0,0,0,1,"Normal"
"844",153,11,120,0,0,0,24,0,0,0,1,8,0,0,0,0,38,1,567,"Very High"
"845",2,0,4,0,0,0,1,0,0,0,0,0,0,1,0,0,0,0,1,"Normal"
"846",6,0,5,0,0,0,0,0,0,0,0,0,0,0,0,0,0,0,0,"Normal"
"847",491,37,291,31,0,0,0,14,934,0,79,25,0,17,74,0,3,79,389,"Massive"
"848",0,0,0,0,0,0,0,0,0,0,0,0,0,0,0,0,0,0,0,"Normal"
"849",7,0,16,0,0,0,9,0,0,0,0,1,0,0,0,0,8,0,33,"Normal"
"850",23,2,5,0,0,0,3,0,0,0,1,0,1,0,0,0,0,1,0,"Normal"
"851",511,71,200,29,19,23,12,0,0,47,242,7,0,19,0,0,1,242,388,"Very High"
"852",127,57,117,15,0,1,0,0,0,0,0,0,0,1,7,0,5,0,212,"High"
"853",33,0,40,43,0,0,6,0,0,0,0,2,0,0,0,0,1,0,19,"Normal"
"854",243,9,109,0,4,0,62,0,0,2,18,12,0,0,0,0,1,18,461,"Very High"
"855",159,14,138,0,0,0,28,0,0,0,1,8,0,0,0,0,39,1,576,"Very High"
"856",162,12,133,0,0,0,17,0,0,0,1,8,0,0,0,0,39,1,564,"Very High"
"857",38,0,54,0,0,0,0,0,0,0,0,0,0,0,0,0,0,0,2,"Normal"
"858",251,53,199,69,0,0,11,113,792,7,10,0,0,0,13,0,2,10,233,"Very High"
"859",0,0,0,1,0,0,0,0,0,0,0,0,0,0,0,0,0,0,1,"Normal"
"860",1,0,0,1,0,0,2,0,0,0,0,0,0,0,0,0,0,0,2,"Normal"
"861",187,14,174,0,2,0,43,0,0,0,18,16,0,0,0,0,39,18,570,"Very High"
"862",0,0,0,0,0,0,0,0,0,0,0,0,0,0,0,0,0,0,0,"Normal"
"863",149,4,133,0,0,0,17,0,0,0,1,8,0,0,0,0,39,1,580,"Very High"
"864",79,3,44,0,0,1,7,0,9,3,10,1,0,0,0,0,1,10,64,"Normal"
"865",0,0,19,0,0,0,0,0,0,0,0,0,0,0,0,0,0,0,0,"Normal"
"866",119,3,95,0,0,0,17,0,0,0,1,8,0,0,0,0,38,1,518,"High"
"867",0,0,0,0,0,0,0,0,0,0,0,0,0,0,0,0,0,0,0,"Normal"
"868",60,1,19,6,0,1,8,0,0,0,0,7,0,0,1,0,1,0,227,"High"
"869",63,3,41,0,0,0,13,0,0,0,1,1,0,0,0,1,1,1,50,"Normal"
"870",607,54,352,31,1,14,71,56,973,0,63,33,0,18,49,0,3,63,280,"Massive"
"871",163,20,154,37,0,0,20,0,603,0,11,1,0,0,1,0,1,11,188,"Very High"
"872",267,102,192,0,0,1,21,0,1,0,0,9,0,0,1,0,6,0,99,"High"
"873",47,0,18,0,0,0,9,1,0,1,0,1,0,0,0,0,0,0,0,"Normal"
"874",67,1,14,6,0,1,8,0,0,0,0,7,0,0,0,0,1,0,231,"High"
"875",227,52,143,0,0,0,19,0,102,0,0,11,0,0,23,0,137,0,39,"High"
"876",1153,160,561,46,10,37,62,113,705,0,71,60,24,18,0,0,3,71,331,"Massive"
"877",97,10,67,0,0,1,1,14,0,0,0,6,0,0,0,0,152,0,82,"High"
"878",65,0,28,0,0,0,17,1,0,0,0,2,0,0,0,0,1,0,25,"Normal"
"879",70,3,44,0,0,1,7,0,9,3,10,1,0,0,0,0,1,10,66,"Normal"
"880",180,13,162,0,2,0,41,0,0,0,18,16,0,0,0,0,40,18,531,"Very High"
"881",98,8,43,0,1,0,12,0,0,0,1,1,0,0,0,0,2,1,132,"Normal"
"882",170,16,155,0,0,0,37,0,0,0,1,8,0,0,0,0,41,1,592,"Very High"
"883",22,1,11,0,0,2,0,0,0,0,0,1,0,0,0,6,0,0,1,"Normal"
"884",165,20,118,0,0,5,1,0,52,0,3,3,0,0,41,25,2,3,38,"High"
"885",0,0,0,0,0,0,0,0,0,0,0,0,0,0,0,0,0,0,0,"Normal"
"886",166,16,49,0,21,12,2,0,0,14,60,0,0,19,0,0,1,60,457,"Very High"
"887",5,0,0,0,0,0,0,0,0,0,0,0,0,0,0,0,0,0,80,"Normal"
"888",180,2,80,0,0,0,34,0,0,7,1,18,0,0,3,28,1,1,333,"High"
"889",57,0,37,0,0,0,13,0,0,0,0,0,0,1,0,0,6,0,42,"Normal"
"890",66,0,30,0,0,0,14,0,0,0,0,2,0,0,0,0,1,0,9,"Normal"
"891",1,0,0,1,0,0,3,8,0,0,0,0,0,0,2,0,1,0,1,"Normal"
"892",127,3,98,0,0,0,10,0,0,0,1,8,0,0,0,0,39,1,416,"High"
"893",74,5,36,0,0,0,1,9,0,0,0,0,0,0,1,0,14,0,7,"Normal"
"894",2,0,1,0,0,0,1,0,0,0,0,0,0,0,0,0,1,0,1,"Normal"
"895",1,0,0,0,0,0,0,0,0,0,0,0,0,0,0,0,0,0,0,"Normal"
"896",97,1,26,0,0,0,10,0,0,33,62,9,0,0,0,2,1,62,27,"High"
"897",97,0,27,0,0,0,11,0,0,33,62,9,0,0,0,2,1,62,39,"High"
"898",96,8,43,0,1,0,12,0,0,0,1,1,0,0,0,0,2,1,171,"High"
"899",95,2,50,0,1,0,11,0,0,0,0,2,0,0,0,0,38,0,224,"High"
"900",140,1,154,43,0,0,13,27,811,0,11,1,0,0,43,0,1,11,214,"Very High"
"901",20,1,10,1,0,0,1,0,21,0,0,0,0,19,0,1,15,0,21,"Normal"
"902",108,11,108,15,0,17,0,0,534,0,3,0,1,0,0,14,64,3,125,"Very High"
"903",117,19,79,16,0,13,30,1,0,0,1,0,0,0,40,0,4,1,57,"High"
"904",119,3,117,0,0,0,19,24,624,0,1,0,0,0,40,0,69,1,155,"Very High"
"905",37,0,77,0,0,1,0,0,0,0,0,13,0,0,0,0,2,0,1,"Normal"
"906",117,21,105,14,0,17,15,0,534,0,2,0,2,0,0,0,65,2,184,"Very High"
"907",115,21,101,14,0,17,15,0,534,0,1,0,2,0,0,0,65,1,184,"Very High"
"908",180,15,167,0,2,0,38,0,0,0,18,16,0,0,0,0,41,18,563,"Very High"
"909",10,1,7,0,0,0,1,0,0,2,0,0,0,0,0,0,0,0,0,"Normal"
"910",36,5,34,0,0,0,10,11,0,0,1,0,0,0,0,0,2,1,47,"Normal"
"911",6,1,4,0,0,0,1,0,0,0,0,0,0,0,0,0,0,0,0,"Normal"
"912",28,0,0,0,0,0,0,0,0,0,0,0,0,0,0,0,3,0,0,"Normal"
"913",169,9,39,0,0,1,17,0,114,2,5,6,0,1,0,0,4,5,198,"High"
"914",0,0,0,0,0,0,0,0,0,0,0,0,0,0,1,0,1,0,0,"Normal"
"915",0,0,0,0,0,0,0,0,0,0,0,0,0,0,0,0,0,0,1,"Normal"
"916",175,67,175,2,0,7,38,2,73,0,0,2,0,2,1,19,3,0,51,"High"
"917",62,15,29,0,0,5,2,0,0,1,2,5,0,1,0,2,0,2,6,"Normal"
"918",118,18,36,0,1,0,5,0,0,0,4,1,0,0,27,0,3,4,68,"Normal"
"919",0,0,0,0,0,0,0,0,0,0,0,0,0,0,0,0,0,0,0,"Normal"
"920",126,2,105,23,0,0,15,38,815,0,2,1,0,0,94,0,1,2,212,"Very High"
"921",71,0,23,0,0,0,0,0,0,0,0,1,0,1,6,0,0,0,29,"Normal"
"922",3,0,4,0,1,0,3,0,0,0,0,1,0,0,0,0,1,0,0,"Normal"
"923",1214,146,582,60,1,26,27,123,742,17,94,51,28,21,0,0,2,94,495,"Massive"
"924",88,12,15,6,0,1,4,0,0,0,0,7,0,0,1,0,2,0,239,"High"
"925",1254,170,357,28,12,28,16,446,66,10,39,37,5,30,6,18,5,39,355,"Massive"
"926",72,3,49,17,0,0,11,0,0,0,1,0,0,0,14,0,3,1,30,"Normal"
"927",105,14,25,6,0,1,6,0,0,0,0,7,0,0,1,0,1,0,174,"High"
"928",257,26,124,0,1,16,6,0,0,31,191,6,0,2,0,0,2,191,300,"Very High"
"929",66,1,15,6,0,1,8,0,0,0,0,7,0,0,0,0,1,0,211,"High"
"930",153,13,158,14,0,0,18,34,624,0,3,0,1,0,39,0,66,3,188,"Very High"
"931",0,0,0,0,0,0,0,0,0,0,0,0,0,0,0,0,0,0,1,"Normal"
"932",189,3,91,0,0,0,33,0,0,2,1,11,0,0,3,28,2,1,383,"High"
"933",606,51,328,38,1,4,36,55,893,0,82,27,0,25,73,0,3,82,420,"Massive"
"934",0,0,0,0,0,0,0,0,0,0,0,0,0,0,0,0,0,0,15,"Normal"
"935",54,9,50,22,0,0,19,20,0,0,0,16,0,2,0,0,3,0,30,"Normal"
"936",12,7,23,0,0,3,0,1,0,0,0,1,0,0,0,0,0,0,21,"Normal"
"937",26,15,28,0,0,0,0,1,0,0,0,0,0,1,18,92,1,0,0,"Normal"
"938",16,8,31,54,0,0,0,0,0,0,0,0,0,1,10,0,2,0,0,"Normal"
"939",1,0,0,0,0,0,2,0,0,0,0,0,0,0,0,0,0,0,0,"Normal"
"940",0,0,0,0,0,0,0,0,0,0,0,0,0,0,0,0,0,0,1,"Normal"
"941",0,0,0,0,0,0,0,0,0,0,0,0,0,0,0,0,0,0,0,"Normal"
"942",0,0,0,0,0,0,0,0,0,0,0,0,0,0,0,0,0,0,1,"Normal"
"943",70,1,45,44,0,0,3,20,107,0,0,2,8,1,1,0,1,0,50,"High"
"944",37,5,40,0,0,0,2,7,0,0,2,7,0,0,0,0,1,2,0,"Normal"
"945",158,3,94,0,0,1,27,18,689,0,0,2,0,0,31,0,5,0,190,"Very High"
"946",159,11,132,0,0,0,17,0,0,0,1,8,0,0,0,0,39,1,567,"Very High"
"947",172,15,160,0,0,0,37,0,0,0,1,8,0,0,0,0,39,1,584,"Very High"
"948",308,88,232,1,0,1,45,0,0,0,0,13,0,0,0,35,6,0,103,"Very High"
"949",1,0,0,0,0,0,0,0,0,0,0,0,0,0,0,0,0,0,14,"Normal"
"950",114,16,114,15,0,17,0,0,534,0,2,0,5,0,0,18,64,2,124,"Very High"
"951",19,1,4,0,0,0,1,0,21,0,0,0,0,0,0,1,13,0,29,"Normal"
"952",100,1,24,0,0,0,14,0,0,5,18,7,0,18,6,2,1,18,27,"Normal"
"953",0,0,0,0,0,0,0,0,0,0,0,0,0,0,0,0,0,0,1,"Normal"
"954",360,26,111,0,1,2,54,0,0,2,11,13,0,1,1,2,2,11,493,"Very High"
"955",10,0,0,0,0,0,1,0,0,0,0,0,0,0,0,0,0,0,3,"Normal"
"956",1,0,1,0,0,0,0,0,0,0,0,0,0,0,0,0,0,0,82,"Normal"
"957",127,0,67,0,0,1,0,1,0,119,30,0,0,0,0,1,1,30,34,"High"
"958",588,44,322,39,1,4,45,65,920,0,82,27,0,17,73,0,3,82,465,"Massive"
"959",136,12,35,0,0,0,4,0,84,5,0,7,0,6,17,1,2,0,46,"High"
"960",109,1,38,0,0,0,3,0,84,5,0,7,0,6,17,1,1,0,34,"High"
"961",271,9,95,0,4,0,62,0,0,2,22,12,0,0,0,1,2,22,445,"Very High"
"962",77,13,15,0,0,0,3,0,84,0,0,1,0,5,18,1,1,0,115,"High"
"963",41,0,30,0,0,0,0,2,0,0,0,0,0,0,1,0,1,0,0,"Normal"
"964",3,0,2,0,0,0,1,0,0,0,0,1,0,0,0,0,1,0,0,"Normal"
"965",275,32,132,1,2,1,25,0,0,28,63,6,0,0,0,0,2,63,373,"Very High"
"966",148,3,73,0,0,0,28,0,0,1,1,7,0,0,2,28,1,1,329,"High"
"967",0,0,0,0,0,0,0,0,0,0,0,0,0,0,0,0,0,0,1,"Normal"
"968",0,0,0,0,0,0,0,0,0,0,0,0,0,0,0,0,0,0,0,"Normal"
"969",1,0,0,0,0,0,0,0,0,0,0,0,0,0,0,0,0,0,0,"Normal"
"970",99,14,17,0,0,1,4,0,99,0,0,0,0,5,6,0,1,0,147,"High"
"971",48,15,28,0,0,0,2,0,0,1,2,5,0,1,0,2,0,2,6,"Normal"
"972",178,3,80,0,0,0,30,0,0,2,1,12,0,0,3,28,1,1,384,"High"
"973",1236,152,590,69,10,20,36,208,809,17,90,55,28,21,0,0,3,90,488,"Massive"
"974",7,0,5,0,0,0,5,0,0,0,0,5,0,0,1,0,0,0,0,"Normal"
"975",38,0,45,0,0,0,0,0,0,0,0,0,0,1,6,0,0,0,0,"Normal"
"976",1,0,0,0,0,0,1,0,0,0,0,0,0,0,0,0,0,0,0,"Normal"
"977",34,0,59,13,0,0,2,48,0,0,0,1,1,1,7,0,1,0,24,"Normal"
"978",1,0,0,0,0,0,0,0,0,0,0,0,0,0,0,0,0,0,19,"Normal"
"979",357,65,297,0,0,7,20,2,0,0,2,0,0,0,25,31,2,2,40,"Very High"
"980",0,0,0,0,0,0,0,0,0,0,0,0,0,0,0,0,0,0,1,"Normal"
"981",131,13,150,14,0,0,17,24,548,0,3,0,1,0,39,0,66,3,191,"Very High"
"982",98,8,27,0,0,0,6,0,0,9,24,1,0,0,0,0,2,24,110,"High"
"983",419,67,152,0,2,23,6,103,0,26,230,8,0,13,0,9,2,230,319,"Very High"
"984",164,64,169,0,0,1,12,0,1,0,0,0,0,1,7,0,5,0,193,"High"
"985",28,2,17,0,0,0,1,0,0,0,1,1,0,0,0,0,1,1,69,"Normal"
"986",255,20,69,0,21,12,3,0,0,26,151,0,0,19,0,0,1,151,492,"Very High"
"987",151,12,144,0,0,0,17,0,0,0,1,8,0,0,0,0,39,1,608,"Very High"
"988",69,14,29,0,0,0,0,0,0,0,0,0,0,0,1,1,1,0,0,"Normal"
"989",33,3,25,0,0,2,2,1,0,0,0,2,0,0,1,6,1,0,1,"Normal"
"990",99,3,48,0,1,0,13,0,0,0,0,2,0,0,17,0,39,0,224,"High"
"991",29,0,7,0,0,0,2,1,0,0,0,0,0,0,0,0,3,0,0,"Normal"
"992",44,2,19,0,0,0,2,1,0,0,0,0,0,0,0,0,1,0,0,"Normal"
"993",25,0,8,0,0,0,1,0,0,0,0,0,0,1,0,0,0,0,0,"Normal"
"994",0,0,0,0,0,0,0,0,0,0,0,0,0,0,1,0,1,0,0,"Normal"
"995",0,0,0,0,0,0,0,0,0,0,0,0,0,0,0,0,0,0,0,"Normal"
"996",101,13,8,0,0,0,4,0,0,0,0,0,0,22,6,1,1,0,118,"Normal"
"997",136,4,111,0,0,0,17,0,0,0,1,8,0,0,0,0,38,1,532,"Very High"
"998",16,0,0,0,0,0,0,0,21,1,0,0,0,0,0,0,0,0,1,"Normal"
"999",8,0,3,0,0,0,0,0,0,0,1,0,0,0,0,0,0,1,2,"Normal"
"1000",348,183,284,21,0,60,0,6,0,0,1,8,0,2,1,9,26,1,74,"Very High"
"1001",115,3,94,0,0,0,17,0,0,0,1,8,0,0,0,0,38,1,460,"High"
"1002",96,0,36,0,0,0,7,0,0,0,9,0,0,0,0,0,1,9,84,"Normal"
"1003",173,16,156,0,0,0,37,0,0,0,1,8,0,0,0,0,41,1,578,"Very High"
"1004",7,0,0,0,0,0,1,0,0,0,0,0,0,0,0,0,0,0,1,"Normal"
"1005",96,8,41,0,1,0,11,0,0,0,1,1,0,0,0,0,2,1,131,"Normal"
"1006",61,2,15,0,0,0,17,0,0,0,12,1,0,0,1,2,0,12,43,"Normal"
"1007",134,10,36,0,20,0,2,0,0,15,14,0,0,19,0,0,1,14,370,"High"
"1008",189,3,92,0,0,0,35,0,0,2,1,9,0,0,4,28,2,1,378,"High"
"1009",12,0,7,0,0,0,3,0,0,0,0,3,0,0,0,1,0,0,6,"Normal"
"1010",77,0,39,0,0,0,1,0,0,1,0,0,0,0,1,0,1,0,9,"Normal"
"1011",3,0,2,0,0,0,0,1,0,0,0,1,0,0,0,0,0,0,0,"Normal"
"1012",43,7,32,1,0,0,4,0,0,0,0,1,0,1,27,0,72,0,0,"Normal"
"1013",94,3,38,0,0,0,4,0,86,2,16,7,0,0,0,0,1,16,35,"High"
"1014",2,0,1,0,0,0,2,0,0,0,0,0,0,1,1,0,1,0,1,"Normal"
"1015",168,9,97,0,0,1,27,18,673,0,0,2,0,0,31,0,5,0,186,"Very High"
"1016",159,13,161,15,0,17,23,24,548,0,3,0,1,0,38,0,66,3,200,"Very High"
"1017",135,12,39,0,0,0,4,0,86,1,0,7,0,6,17,1,2,0,67,"High"
"1018",143,13,159,15,0,0,17,24,624,0,3,0,1,0,38,0,66,3,193,"Very High"
"1019",96,3,38,0,0,0,5,0,86,2,16,8,0,1,0,0,1,16,23,"Normal"
"1020",0,0,2,0,0,0,2,0,0,0,0,0,0,0,1,0,0,0,3,"Normal"
"1021",126,1,98,14,0,0,19,0,537,0,6,1,0,0,1,0,1,6,184,"Very High"
"1022",13,1,17,0,0,1,0,142,146,0,0,0,0,1,13,0,0,0,34,"High"
"1023",120,12,73,1,0,0,13,0,0,1,0,11,0,0,0,0,2,0,114,"High"
"1024",3,0,2,0,0,0,1,0,0,0,0,0,0,0,0,0,0,0,1,"Normal"
"1025",474,36,152,0,3,8,8,204,1,3,21,25,1,23,6,16,4,21,258,"Very High"
"1026",3,0,0,0,0,0,0,0,0,0,0,1,0,0,1,0,0,0,0,"Normal"
"1027",186,12,105,1,0,0,38,0,0,1,1,20,0,0,2,28,2,1,286,"High"
"1028",17,0,0,0,0,0,0,0,0,0,0,0,0,0,0,0,0,0,0,"Normal"
"1029",111,0,37,0,0,0,7,0,0,0,15,0,0,0,0,0,1,15,121,"High"
"1030",0,0,0,0,0,0,0,0,0,0,0,0,0,0,0,0,0,0,0,"Normal"
"1031",83,13,12,0,0,0,4,0,88,0,0,1,0,5,6,1,1,0,109,"High"
"1032",2,0,8,0,0,0,0,0,0,0,0,0,0,0,0,0,1,0,0,"Normal"
"1033",142,13,143,14,0,17,21,0,534,0,3,0,1,0,0,0,65,3,189,"Very High"
"1034",120,26,85,0,0,1,1,20,0,0,10,10,0,0,0,0,151,10,71,"High"
"1035",20,3,9,0,0,2,1,13,0,0,0,3,2,0,0,0,0,0,0,"Normal"
"1036",0,0,0,0,0,0,0,0,0,0,0,0,0,0,0,0,0,0,0,"Normal"
"1037",44,2,9,6,0,1,4,0,0,0,0,1,0,0,1,0,1,0,252,"High"
"1038",137,12,32,0,0,0,4,0,0,5,0,7,0,6,5,1,2,0,40,"Normal"
"1039",8,0,2,0,0,0,0,0,0,0,1,0,0,0,0,0,0,1,2,"Normal"
"1040",0,0,2,1,0,0,5,1,0,0,0,0,0,0,1,0,0,0,0,"Normal"
"1041",98,17,34,0,0,5,0,32,0,1,2,4,0,0,0,1,1,2,54,"Normal"
"1042",131,17,54,0,2,1,38,0,133,15,0,6,0,1,0,0,5,0,224,"High"
"1043",18,0,7,1,0,0,0,0,0,0,0,0,0,1,0,0,14,0,0,"Normal"
"1044",120,0,66,0,0,1,0,1,0,113,20,0,0,0,0,1,1,20,39,"High"
"1045",0,0,0,0,0,0,0,0,0,0,0,0,0,0,0,0,0,0,0,"Normal"
"1046",274,22,131,1,2,1,53,0,0,2,2,10,0,0,0,0,1,2,500,"Very High"
"1047",151,9,78,0,0,1,26,0,620,0,1,2,0,0,2,0,3,1,158,"Very High"
"1048",0,0,0,0,0,0,0,0,0,0,0,0,0,0,0,0,0,0,0,"Normal"
"1049",11,1,9,0,0,0,1,0,0,0,0,0,0,0,0,0,1,0,0,"Normal"
"1050",1322,199,609,59,10,43,71,130,174,0,75,57,24,19,0,0,3,75,331,"Massive"
"1051",7,5,66,0,0,0,5,1,0,0,0,7,0,0,0,0,2,0,26,"Normal"
"1052",110,25,92,0,0,1,1,12,0,0,0,6,0,0,0,0,152,0,71,"High"
"1053",143,11,84,0,2,0,36,0,0,15,0,12,0,0,0,0,39,0,152,"High"
"1054",397,40,141,5,2,2,57,0,0,15,36,7,0,1,1,1,2,36,455,"Very High"
"1055",1159,166,561,42,1,37,59,130,769,0,79,55,24,21,0,0,3,79,354,"Massive"
"1056",0,0,0,0,0,0,0,0,0,0,0,0,0,0,0,0,0,0,0,"Normal"
"1057",239,9,102,0,4,0,51,0,0,2,18,12,0,0,0,1,1,18,463,"Very High"
"1058",400,26,179,5,1,2,54,0,39,7,27,18,0,2,2,2,1,27,413,"Very High"
"1059",63,17,50,0,0,0,12,0,67,15,0,6,0,0,0,0,4,0,160,"High"
"1060",149,3,73,0,0,0,29,0,0,1,1,7,0,0,2,28,1,1,353,"High"
"1061",70,4,44,0,0,1,7,0,145,2,10,0,0,0,0,0,1,10,82,"High"
"1062",28,0,14,0,0,0,0,0,0,0,0,0,0,0,0,0,1,0,0,"Normal"
"1063",382,21,221,60,1,3,29,59,899,0,47,12,0,25,73,0,3,47,363,"Massive"
"1064",129,22,120,13,0,12,11,3,99,0,1,0,0,2,5,12,2,1,19,"High"
"1065",246,9,100,1,4,0,43,0,0,2,18,12,0,0,0,1,1,18,463,"Very High"
"1066",286,85,203,1,0,3,43,3,67,0,0,9,0,2,2,36,3,0,107,"Very High"
"1067",1,0,0,0,0,0,0,0,0,0,0,0,0,0,0,0,0,0,0,"Normal"
"1068",834,76,286,22,10,3,14,437,145,10,19,31,5,18,6,21,5,19,271,"Massive"
"1069",101,12,15,6,0,1,5,0,0,0,0,7,0,0,1,0,2,0,239,"High"
"1070",1510,210,495,44,13,42,49,246,0,9,67,55,25,36,0,5,3,67,442,"Massive"
"1071",63,13,65,14,0,0,12,0,0,0,0,3,0,1,0,0,2,0,183,"High"
"1072",318,106,261,1,0,1,59,0,1,0,0,14,0,0,1,35,7,0,110,"Very High"
"1073",0,0,0,0,0,0,0,0,0,0,0,0,0,0,0,0,0,0,0,"Normal"
"1074",179,15,173,0,2,0,38,0,0,0,18,16,0,0,0,0,39,18,570,"Very High"
"1075",51,3,18,0,0,0,4,0,0,0,10,1,0,0,0,0,2,10,197,"Normal"
"1076",132,4,104,0,1,0,12,0,0,0,1,9,0,0,0,0,40,1,384,"High"
"1077",56,0,0,0,0,0,0,0,0,0,0,0,0,0,0,0,1,0,19,"Normal"
"1078",274,25,153,0,2,0,55,0,0,0,17,21,0,0,0,0,40,17,499,"Very High"
"1079",98,1,37,0,0,0,2,0,85,5,7,7,0,6,17,1,1,7,33,"High"
"1080",1401,204,486,24,12,42,22,270,1,12,61,44,20,31,6,13,4,61,366,"Massive"
"1081",0,0,2,0,0,0,0,0,0,0,0,0,0,0,0,0,0,0,0,"Normal"
"1082",1,0,0,0,0,0,0,0,0,0,0,0,0,0,0,0,0,0,0,"Normal"
"1083",141,31,71,0,0,0,18,1,0,168,31,16,0,0,0,1,0,31,12,"High"
"1084",193,13,84,0,1,1,21,1,0,25,13,10,0,0,0,1,3,13,42,"High"
"1085",17,0,31,0,0,0,1,0,0,0,0,1,0,0,0,0,0,0,17,"Normal"
"1086",164,13,85,0,1,1,21,1,0,23,4,10,0,0,0,1,3,4,63,"High"
"1087",81,4,36,0,0,1,1,142,148,1,0,7,0,7,18,0,2,0,55,"High"
"1088",103,3,38,0,0,0,5,142,87,2,16,8,0,6,5,1,1,16,23,"High"
"1089",325,31,119,0,11,15,6,0,0,32,210,6,0,19,0,0,1,210,371,"Very High"
"1090",29,1,11,0,0,0,3,0,0,0,0,1,0,0,0,0,1,0,248,"Normal"
"1091",364,72,333,12,0,6,6,2,130,0,0,0,0,0,22,0,2,0,60,"Very High"
"1092",7,0,5,0,0,0,0,0,0,1,0,0,0,0,0,0,0,0,2,"Normal"
"1093",238,19,102,0,0,1,6,163,1,1,0,22,0,11,6,0,3,0,166,"High"
"1094",125,13,38,0,1,0,5,0,0,0,12,1,0,0,27,0,2,12,60,"Normal"
"1095",74,14,50,14,0,0,13,0,0,1,0,3,0,1,0,0,2,0,227,"High"
"1096",50,2,106,0,0,0,8,0,0,0,1,8,0,1,0,3,2,1,124,"High"
"1097",679,75,244,21,0,2,14,401,145,9,14,28,1,0,0,17,5,14,237,"Very High"
"1098",231,16,118,0,1,15,2,0,0,23,171,6,0,1,0,0,2,171,300,"Very High"
"1099",140,12,158,14,0,0,17,24,624,0,3,0,1,0,39,0,66,3,192,"Very High"
"1100",0,0,0,0,0,0,1,0,0,0,0,0,0,0,1,0,0,0,14,"Normal"
"1101",0,0,7,0,0,0,0,0,0,0,0,0,0,0,0,0,1,0,0,"Normal"
"1102",5,0,4,0,0,0,1,0,0,0,0,1,0,0,0,0,1,0,2,"Normal"
"1103",705,73,267,21,0,2,14,414,145,9,14,28,1,0,0,17,5,14,237,"Very High"
"1104",41,9,26,0,0,0,18,0,0,0,0,14,0,1,0,0,3,0,30,"Normal"
"1105",234,9,99,0,4,0,53,0,0,2,18,12,0,0,0,0,1,18,453,"Very High"
"1106",0,0,0,0,0,0,1,0,0,0,0,0,0,0,0,0,0,0,0,"Normal"
"1107",10,0,1,0,0,0,1,0,0,0,0,0,0,0,0,0,0,0,3,"Normal"
"1108",1,0,0,0,0,0,0,0,0,0,0,0,0,0,0,0,1,0,1,"Normal"
"1109",99,17,40,0,0,0,0,40,0,0,0,0,0,0,0,0,2,0,88,"Normal"
"1110",84,14,14,1,0,1,5,0,84,0,0,0,0,0,13,0,1,0,174,"High"
"1111",151,4,125,0,0,0,17,0,0,0,1,8,0,0,0,0,38,1,583,"Very High"
"1112",7,0,37,29,0,0,3,0,0,0,0,3,0,0,0,0,2,0,33,"Normal"
"1113",15,2,6,0,0,0,1,1,0,0,0,1,0,0,1,0,1,0,2,"Normal"
"1114",15,2,6,0,0,0,1,1,0,0,0,1,0,0,1,0,1,0,2,"Normal"
"1115",104,0,74,16,0,0,8,0,0,0,0,1,0,1,0,0,8,0,34,"Normal"
"1116",448,78,336,13,0,7,13,2,88,0,0,0,0,0,28,31,2,0,60,"Very High"
"1117",217,20,134,1,4,1,53,0,0,2,11,12,0,0,0,0,1,11,515,"Very High"
"1118",0,0,0,0,0,0,0,0,0,0,0,0,0,0,0,0,0,0,0,"Normal"
"1119",186,2,97,1,0,0,27,40,737,0,0,0,0,0,88,0,4,0,208,"Very High"
"1120",77,17,91,38,0,1,1,0,621,0,2,0,1,0,0,11,0,2,27,"Very High"
"1121",310,18,219,29,0,0,8,55,810,0,33,1,0,0,43,0,2,33,349,"Very High"
"1122",658,99,400,95,1,12,27,241,911,17,55,7,0,0,0,0,2,55,430,"Massive"
"1123",114,3,60,0,1,0,10,0,0,0,1,1,0,0,0,0,38,1,293,"High"
"1124",86,2,41,0,1,0,10,0,0,0,0,1,0,0,0,0,2,0,200,"High"
"1125",0,0,0,0,0,0,0,0,0,0,0,0,0,0,0,0,0,0,80,"Normal"
"1126",1282,179,410,20,12,32,17,269,1,22,109,43,11,31,6,13,5,109,355,"Massive"
"1127",995,122,284,28,12,20,18,326,1,18,75,23,5,27,6,13,5,75,284,"Massive"
"1128",1,0,2,0,0,0,1,0,0,1,0,0,0,0,0,0,0,0,0,"Normal"
"1129",173,16,156,0,0,0,37,0,0,0,1,8,0,0,0,0,41,1,578,"Very High"
"1130",152,12,76,0,0,0,26,0,0,1,0,15,0,0,2,0,2,0,193,"High"
"1131",32,4,40,0,0,0,2,0,0,0,1,8,0,0,0,0,1,1,0,"Normal"
"1132",8,4,16,0,0,0,1,0,0,1,0,4,0,1,0,2,0,0,1,"Normal"
"1133",82,12,38,0,0,0,0,0,0,0,0,0,0,1,0,0,1,0,0,"Normal"
"1134",8,4,16,0,0,0,1,0,0,1,0,4,0,1,0,2,0,0,1,"Normal"
"1135",82,12,38,0,0,0,0,0,0,0,0,0,0,1,0,0,1,0,0,"Normal"
"1136",30,9,22,0,0,1,4,0,0,0,0,1,0,0,0,0,2,0,1,"Normal"
"1137",106,2,74,79,0,0,3,0,0,0,2,6,0,0,7,5,1,2,0,"Normal"
"1138",1,0,0,0,0,0,2,8,0,0,0,0,0,0,2,0,1,0,1,"Normal"
"1139",9,0,21,0,0,1,1,1,0,0,0,1,0,1,2,0,63,0,2,"Normal"
"1140",10,0,4,0,0,0,5,0,0,0,0,1,0,0,0,0,1,0,1,"Normal"
"1141",173,21,111,0,0,0,0,0,0,0,18,21,0,31,8,0,1,18,0,"High"
"1142",43,0,46,0,0,0,0,0,0,0,0,0,0,1,6,0,0,0,0,"Normal"
"1143",59,1,20,6,0,1,7,0,0,0,0,7,0,0,1,0,1,0,236,"High"
"1144",98,8,46,0,1,0,11,0,0,0,0,1,0,0,0,0,2,0,207,"High"
"1145",162,16,158,0,0,0,36,0,0,0,1,8,0,0,0,0,39,1,597,"Very High"
"1146",1,0,0,0,0,0,0,0,0,0,0,0,0,0,1,0,0,0,0,"Normal"
"1147",59,1,26,6,0,1,7,0,0,0,0,7,0,0,0,0,30,0,218,"High"
"1148",1,0,1,0,0,0,0,0,0,0,0,0,0,0,0,0,0,0,9,"Normal"
"1149",144,13,83,0,1,1,21,1,0,22,4,10,0,0,0,0,3,4,70,"High"
"1150",9,1,24,0,0,0,5,1,35,0,0,0,0,1,18,92,2,0,0,"Normal"
"1151",277,24,146,0,2,0,54,0,0,0,17,21,0,0,0,0,4,17,501,"Very High"
"1152",7,0,2,0,0,0,3,0,0,0,0,0,0,0,0,1,3,0,0,"Normal"
"1153",38,0,79,0,0,0,0,0,0,0,0,0,0,0,0,0,2,0,66,"Normal"
"1154",155,3,77,0,0,0,28,0,0,1,1,7,0,0,2,28,2,1,346,"High"
"1155",181,4,96,0,0,0,40,0,0,1,1,9,0,0,1,31,3,1,368,"High"
"1156",153,4,74,0,0,0,28,0,0,1,1,7,0,0,2,28,1,1,328,"High"
"1157",228,15,120,19,0,0,38,0,0,1,1,9,0,1,3,28,3,1,410,"Very High"
"1158",0,0,0,0,0,0,0,0,0,0,0,1,0,0,0,0,0,0,0,"Normal"
"1159",1480,206,481,36,12,36,27,404,66,10,45,46,20,31,6,14,5,45,377,"Massive"
"1160",17,0,15,37,0,0,1,0,56,0,0,0,0,0,0,0,0,0,0,"Normal"
"1161",88,0,40,0,0,0,8,0,0,0,0,2,0,0,0,0,1,0,33,"Normal"
"1162",1,0,1,0,0,0,0,0,0,0,0,0,0,0,0,0,0,0,0,"Normal"
"1163",11,0,0,0,0,0,0,0,0,0,0,0,0,0,0,0,1,0,0,"Normal"
"1164",1328,190,466,21,12,37,17,268,1,21,109,43,20,31,6,13,3,109,356,"Massive"
"1165",50,1,59,17,0,0,0,0,0,0,0,0,1,0,9,0,2,0,16,"Normal"
"1166",0,0,0,0,0,0,0,0,0,0,0,0,0,0,0,0,0,0,0,"Normal"
"1167",0,0,0,0,0,0,0,0,0,0,0,0,0,0,0,0,0,0,8,"Normal"
"1168",165,12,176,14,0,17,23,24,548,0,3,0,1,0,38,0,66,3,200,"Very High"
"1169",0,0,0,0,0,0,0,0,0,0,0,0,0,0,0,0,0,0,0,"Normal"
"1170",0,0,0,0,0,0,0,0,0,0,0,0,0,0,0,0,0,0,9,"Normal"
"1171",289,19,161,0,0,1,31,22,687,0,9,7,0,0,14,0,6,9,197,"Very High"
"1172",266,21,60,0,21,12,3,0,0,27,140,5,0,19,0,0,1,140,481,"Very High"
"1173",0,0,0,0,0,0,0,0,0,0,0,0,0,0,0,0,1,0,0,"Normal"
"1174",149,13,60,0,1,1,15,1,0,24,13,1,0,0,0,0,2,13,42,"High"
"1175",40,0,20,0,0,0,14,0,0,0,0,1,0,0,0,0,2,0,158,"Normal"
"1176",0,0,0,0,0,0,0,0,0,0,0,0,0,0,0,0,0,0,1,"Normal"
"1177",104,14,9,6,0,1,5,0,0,0,0,7,0,0,1,0,2,0,229,"High"
"1178",4,0,5,0,0,0,2,0,0,1,1,0,0,0,0,0,0,1,0,"Normal"
"1179",63,0,58,0,0,0,7,0,0,0,0,0,0,0,0,0,1,0,0,"Normal"
"1180",45,3,64,0,0,0,3,0,0,0,1,8,0,0,7,3,1,1,47,"Normal"
"1181",114,32,100,0,0,0,0,0,0,0,0,0,0,1,0,1,0,0,45,"Normal"
"1182",170,14,160,0,0,0,37,0,0,0,1,8,0,0,0,0,39,1,590,"Very High"
"1183",1,0,1,0,0,0,0,0,0,0,0,0,0,0,0,0,0,0,0,"Normal"
"1184",261,25,125,25,0,0,6,0,0,0,0,0,0,1,0,0,2,0,165,"High"
"1185",48,1,12,0,0,0,3,22,0,5,0,0,0,0,0,0,0,0,0,"Normal"
"1186",702,68,242,15,1,2,14,408,144,9,14,30,1,34,0,21,5,14,225,"Very High"
"1187",84,11,46,0,0,0,0,0,0,0,0,0,0,1,0,0,1,0,0,"Normal"
"1188",0,0,0,0,0,0,0,0,0,0,0,0,0,0,0,0,0,0,1,"Normal"
"1189",0,0,0,0,0,0,0,0,0,0,0,0,0,0,0,0,0,0,0,"Normal"
"1190",2,0,3,0,0,0,0,0,0,0,0,0,0,0,0,0,0,0,0,"Normal"
"1191",420,46,234,0,0,10,54,0,693,0,23,22,0,1,1,0,3,23,356,"Very High"
"1192",96,12,20,6,0,1,4,1,0,0,0,7,0,0,1,0,31,0,206,"High"
"1193",0,0,0,0,0,0,0,0,0,0,0,0,0,0,0,0,1,0,0,"Normal"
"1194",149,13,153,15,0,0,24,34,640,0,2,0,0,0,38,0,66,2,187,"Very High"
"1195",60,1,15,6,0,1,8,0,0,0,0,7,0,0,0,0,1,0,235,"High"
"1196",313,221,279,84,0,58,1,6,0,0,7,0,0,4,19,14,0,7,64,"Very High"
"1197",1,0,1,0,0,0,0,0,0,0,0,0,0,0,0,0,1,0,139,"Normal"
"1198",2,0,0,0,0,0,0,0,0,0,0,0,0,0,0,0,1,0,0,"Normal"
"1199",0,0,9,0,0,0,0,0,0,0,0,0,0,0,0,0,0,0,1,"Normal"
"1200",229,10,66,0,0,1,42,10,127,2,6,7,0,1,2,2,1,6,272,"High"
"1201",62,2,15,6,0,1,8,0,0,0,0,7,0,0,1,0,1,0,227,"High"
"1202",8,0,8,22,0,0,3,0,0,0,0,1,0,0,9,0,13,0,20,"Normal"
"1203",97,3,57,0,1,0,13,0,0,0,0,2,0,0,0,0,38,0,225,"High"
"1204",330,18,198,0,0,1,31,0,683,0,15,13,0,0,3,0,6,15,219,"Very High"
"1205",35,8,3,0,0,0,13,0,0,0,0,2,0,13,1,1,0,0,0,"Normal"
"1206",88,11,21,6,0,1,3,1,0,0,0,7,0,0,1,0,30,0,114,"Normal"
"1207",61,6,30,0,0,1,2,142,146,0,10,0,0,6,18,0,1,10,150,"High"
"1208",0,0,0,0,0,0,0,0,0,0,0,0,0,0,1,0,0,0,0,"Normal"
"1209",173,16,156,0,0,0,37,0,0,0,1,8,0,0,0,0,41,1,578,"Very High"
"1210",356,84,246,0,0,1,32,0,30,0,5,11,0,1,7,0,7,5,228,"Very High"
"1211",1,0,1,0,0,0,0,0,0,0,0,0,0,0,0,0,2,0,139,"Normal"
"1212",16,8,31,0,0,0,0,0,0,0,0,0,0,1,10,84,2,0,0,"Normal"
"1213",9,0,2,0,0,0,1,0,0,0,0,0,0,0,0,0,0,0,1,"Normal"
"1214",249,19,65,0,21,12,3,0,0,28,142,5,0,19,0,0,1,142,469,"Very High"
"1215",15,5,6,0,0,0,0,0,0,0,0,0,0,0,0,0,2,0,33,"Normal"
"1216",112,1,97,23,0,0,19,0,537,0,6,1,0,0,1,0,1,6,116,"Very High"
"1217",620,58,351,8,0,14,41,41,693,0,42,22,20,1,1,0,2,42,275,"Massive"
"1218",1,0,1,0,0,0,0,0,0,0,0,0,0,0,0,0,2,0,139,"Normal"
"1219",192,3,88,0,0,0,29,0,0,2,1,10,0,0,3,28,1,1,372,"High"
"1220",100,2,48,0,1,0,13,0,0,0,0,2,0,0,17,0,39,0,208,"High"
"1221",72,1,22,0,0,0,5,0,0,0,0,1,1,0,9,0,1,0,45,"Normal"
"1222",11,1,14,0,0,11,1,0,0,0,0,0,0,0,1,0,0,0,0,"Normal"
"1223",50,2,11,6,0,1,3,0,0,0,0,1,0,0,1,0,1,0,252,"High"
"1224",144,13,161,14,0,17,16,24,548,0,3,0,1,0,39,0,66,3,199,"Very High"
"1225",25,3,3,0,0,0,1,0,12,0,0,0,0,1,0,0,1,0,0,"Normal"
"1226",70,4,45,0,0,1,7,0,145,1,10,0,0,0,0,0,1,10,82,"High"
"1227",110,26,95,15,0,1,0,0,0,0,0,0,0,1,7,0,5,0,191,"High"
"1228",42,0,20,0,0,0,16,0,0,0,0,2,0,0,0,0,1,0,211,"Normal"
"1229",225,17,62,0,21,12,3,0,0,18,102,5,0,19,0,0,1,102,434,"Very High"
"1230",310,18,228,29,0,0,8,46,810,0,33,1,0,0,43,0,2,33,350,"Very High"
"1231",186,69,173,0,0,1,12,0,1,0,0,0,0,1,7,0,5,0,193,"High"
"1232",102,8,45,0,1,0,12,0,0,0,0,1,0,0,0,0,2,0,209,"High"
"1233",72,2,34,6,0,1,3,1,0,0,0,7,0,0,1,0,30,0,223,"High"
"1234",200,10,53,0,0,1,40,10,88,2,6,6,0,1,2,2,2,6,205,"High"
"1235",33,2,27,17,0,0,6,11,0,0,0,0,0,0,14,0,3,0,17,"Normal"
"1236",111,12,9,0,0,0,4,1,0,0,0,0,0,22,6,1,1,0,99,"Normal"
"1237",0,0,0,0,0,0,0,0,0,0,0,0,0,0,0,0,0,0,19,"Normal"
"1238",529,95,261,0,0,1,27,0,30,0,9,30,0,0,7,53,4,9,125,"Very High"
"1239",74,13,19,0,0,0,4,0,94,0,0,7,0,6,17,1,1,0,67,"High"
"1240",187,14,174,0,2,0,43,0,0,0,18,16,0,0,0,0,39,18,570,"Very High"
"1241",33,1,2,0,0,0,0,1,0,0,0,0,0,0,0,0,2,0,0,"Normal"
"1242",230,18,56,0,21,12,3,0,0,25,123,0,0,19,0,0,1,123,496,"Very High"
"1243",2,0,1,0,0,0,0,0,0,0,0,0,0,0,0,0,0,0,114,"Normal"
"1244",442,47,156,0,3,11,6,193,1,17,101,9,1,26,6,0,3,101,223,"Very High"
"1245",1224,200,442,46,11,56,26,196,1,14,165,39,19,26,1,13,3,165,374,"Massive"
"1246",1578,207,548,44,12,41,45,241,0,13,72,55,25,36,0,5,2,72,383,"Massive"
"1247",189,3,92,0,0,0,35,0,0,2,1,9,0,0,4,28,2,1,378,"High"
"1248",26,15,28,0,0,0,0,1,0,0,0,0,0,1,18,92,1,0,0,"Normal"
"1249",149,5,130,1,0,0,16,34,697,0,2,1,0,0,88,0,68,2,175,"Very High"
"1250",3,5,6,0,0,0,0,0,0,0,0,0,0,0,0,0,2,0,33,"Normal"
"1251",291,91,231,0,0,1,28,0,0,0,0,9,0,0,11,0,138,0,36,"Very High"
"1252",49,0,24,0,0,0,1,0,0,0,7,1,0,0,0,0,1,7,0,"Normal"
"1253",169,12,173,14,0,17,22,24,603,0,3,0,1,0,38,0,66,3,201,"Very High"
"1254",113,8,21,0,10,0,2,0,0,0,15,0,0,0,0,0,2,15,240,"High"
"1255",1236,152,590,69,10,20,36,208,809,17,90,55,28,21,0,0,3,90,488,"Massive"
"1256",314,29,108,1,19,3,24,0,0,38,128,0,0,19,0,0,2,128,466,"Very High"
"1257",167,13,166,0,2,0,35,0,0,0,18,16,0,0,0,0,39,18,515,"Very High"
"1258",502,59,294,70,0,0,10,220,816,17,40,2,0,0,36,0,2,40,393,"Massive"
"1259",290,177,240,51,0,65,1,6,0,0,1,0,0,1,1,8,26,1,84,"Very High"
"1260",2,0,11,0,0,0,2,1,0,0,0,1,0,0,0,0,0,0,1,"Normal"
"1261",30,0,76,0,0,0,0,0,0,0,0,0,0,0,0,0,2,0,76,"Normal"
"1262",104,0,74,16,0,0,8,0,0,0,0,1,0,1,0,0,8,0,34,"Normal"
"1263",0,0,0,0,0,0,0,0,0,0,0,0,0,0,0,0,0,0,80,"Normal"
"1264",254,64,178,0,0,1,28,0,0,0,0,14,0,0,11,0,138,0,68,"High"
"1265",0,0,0,0,0,0,0,0,0,0,0,0,0,0,0,0,2,0,14,"Normal"
"1266",6,1,6,0,0,1,2,0,0,0,0,0,0,0,0,0,0,0,0,"Normal"
"1267",78,2,30,0,0,0,22,0,0,1,0,2,0,0,1,28,0,0,234,"High"
"1268",25,2,14,0,0,0,3,0,0,1,0,2,0,0,1,0,1,0,92,"Normal"
"1269",10,2,5,0,0,0,0,0,0,2,0,0,0,0,5,0,0,0,0,"Normal"
"1270",141,13,159,15,0,0,17,24,640,0,3,0,1,0,38,0,66,3,192,"Very High"
"1271",162,3,127,1,0,0,16,34,723,0,2,1,0,0,89,0,69,2,205,"Very High"
"1272",19,7,25,35,0,0,4,0,0,0,0,2,0,0,0,0,0,0,0,"Normal"
"1273",136,5,119,14,0,0,14,0,0,0,2,8,0,1,7,31,1,2,254,"High"
"1274",170,16,161,0,0,0,37,0,0,0,1,8,0,0,0,0,39,1,597,"Very High"
"1275",179,13,161,0,2,0,41,0,0,0,18,16,0,0,0,0,40,18,519,"Very High"
"1276",1,0,2,0,0,0,1,0,0,0,0,1,0,0,0,0,0,0,1,"Normal"
"1277",180,13,84,0,1,1,21,1,0,25,13,10,0,0,0,1,3,13,47,"High"
"1278",6,0,6,22,0,0,3,0,0,0,0,1,0,0,0,0,13,0,39,"Normal"
"1279",0,0,3,0,0,0,1,0,0,1,0,0,0,0,0,0,0,0,0,"Normal"
"1280",0,0,0,0,0,0,0,0,0,0,0,0,0,0,0,0,0,0,0,"Normal"
"1281",72,2,42,0,0,0,22,0,0,1,0,7,0,0,1,28,1,0,255,"High"
"1282",28,1,16,1,0,1,16,29,0,0,0,2,0,1,0,43,3,0,9,"Normal"
"1283",62,2,15,6,0,1,8,0,0,0,0,7,0,0,1,0,1,0,227,"High"
"1284",170,16,158,0,0,0,36,0,0,0,1,8,0,0,0,0,39,1,597,"Very High"
"1285",79,5,37,0,0,0,1,9,0,1,0,0,0,0,1,0,14,0,7,"Normal"
"1286",0,0,18,0,0,0,0,0,0,0,0,0,0,0,8,0,1,0,0,"Normal"
"1287",74,5,36,0,0,0,1,9,0,0,0,0,0,0,0,0,14,0,7,"Normal"
"1288",1352,209,474,59,13,54,47,278,0,10,50,40,24,21,6,5,4,50,393,"Massive"
"1289",12,0,4,0,0,0,2,0,0,0,0,2,0,0,0,0,1,0,0,"Normal"
"1290",142,13,159,15,0,0,17,24,640,0,3,0,1,0,38,0,66,3,193,"Very High"
"1291",95,11,15,5,0,1,3,1,0,0,0,7,0,0,1,0,0,0,37,"Normal"
"1292",132,11,112,0,1,0,12,0,0,0,1,9,0,0,0,0,40,1,397,"High"
"1293",285,38,234,69,0,0,11,123,792,7,10,0,0,0,13,0,2,10,233,"Very High"
"1294",437,226,302,54,0,53,0,6,0,0,11,0,0,4,1,16,0,11,76,"Very High"
"1295",416,49,199,22,1,13,35,0,27,32,165,6,0,1,0,0,2,165,254,"Very High"
"1296",376,61,217,25,0,1,0,0,29,0,0,22,0,1,7,0,4,0,226,"Very High"
"1297",100,2,61,0,0,0,0,0,0,0,1,0,0,0,0,0,38,1,382,"High"
"1298",84,8,45,0,1,0,11,0,0,0,0,1,0,0,0,0,2,0,206,"High"
"1299",120,13,140,14,0,17,16,23,548,0,2,0,1,0,39,0,66,2,210,"Very High"
"1300",157,14,29,0,21,1,2,0,0,22,26,0,0,19,0,0,1,26,356,"High"
"1301",0,0,0,0,0,0,0,0,0,0,0,0,0,0,0,0,0,0,0,"Normal"
"1302",83,4,33,0,0,1,17,0,0,0,10,1,0,0,0,0,1,10,107,"Normal"
"1303",124,2,67,0,0,0,9,0,0,0,1,1,0,0,0,0,38,1,496,"High"
"1304",1,0,0,0,0,0,0,0,0,0,0,0,0,0,0,0,0,0,19,"Normal"
"1305",0,0,0,0,0,0,0,0,0,0,0,0,0,0,0,0,0,0,29,"Normal"
"1306",0,0,0,0,0,0,6,0,0,0,0,0,0,0,1,0,0,0,0,"Normal"
"1307",0,0,0,0,0,0,0,0,0,0,0,0,0,0,0,0,0,0,0,"Normal"
"1308",51,1,32,0,0,0,3,1,0,0,0,2,0,0,1,0,0,0,0,"Normal"
"1309",61,2,20,6,0,1,3,0,0,0,0,7,0,0,1,0,1,0,242,"High"
"1310",3,0,3,0,0,0,2,0,0,1,0,1,0,0,0,0,0,0,6,"Normal"
"1311",24,7,21,0,0,15,0,1,0,0,1,0,0,0,0,0,2,1,0,"Normal"
"1312",102,8,44,0,1,0,11,0,0,0,1,1,0,0,0,0,2,1,179,"High"
"1313",166,8,101,1,4,0,36,0,0,0,18,11,0,0,0,0,1,18,432,"High"
"1314",524,105,283,17,0,15,7,0,29,0,12,33,0,4,0,15,0,12,64,"Very High"
"1315",343,30,106,0,1,7,7,162,1,3,19,23,0,20,6,0,3,19,237,"Very High"
"1316",5,0,2,0,0,0,0,0,0,0,0,0,0,0,0,0,0,0,2,"Normal"
"1317",80,0,41,0,0,0,1,33,0,1,0,0,0,0,1,0,14,0,8,"Normal"
"1318",78,0,35,0,0,0,1,0,0,1,0,0,0,0,1,0,1,0,8,"Normal"
"1319",182,8,95,1,4,0,36,0,0,0,18,11,0,0,0,0,1,18,452,"Very High"
"1320",100,2,48,0,1,0,13,0,0,0,0,2,0,0,17,0,39,0,208,"High"
"1321",100,2,48,0,1,0,13,0,0,0,0,2,0,0,17,0,39,0,208,"High"
"1322",100,2,48,0,1,0,13,0,0,0,0,2,0,0,17,0,39,0,208,"High"
"1323",100,2,48,0,1,0,13,0,0,0,0,2,0,0,17,0,39,0,208,"High"
"1324",100,2,48,0,1,0,13,0,0,0,0,2,0,0,17,0,39,0,208,"High"
"1325",0,0,0,0,0,0,0,0,0,0,0,0,0,0,0,0,0,0,17,"Normal"
"1326",2,0,11,0,0,0,0,0,0,0,0,0,0,0,0,0,0,0,48,"Normal"
"1327",1,0,0,0,0,0,0,0,0,0,0,0,0,0,0,0,0,0,32,"Normal"
"1328",9,0,7,0,0,0,0,0,0,1,0,0,0,0,0,0,0,0,2,"Normal"
"1329",94,14,14,1,0,1,4,0,84,0,0,0,0,0,13,0,1,0,173,"High"
"1330",2,0,0,0,0,0,0,0,0,0,0,0,0,0,0,0,0,0,103,"Normal"
"1331",83,4,33,0,0,1,17,0,0,0,10,1,0,0,0,0,1,10,151,"High"
"1332",449,43,221,6,1,3,71,0,27,15,33,13,0,1,2,1,1,33,334,"Very High"
"1333",31,0,14,0,0,0,11,0,0,0,0,1,0,0,0,0,8,0,9,"Normal"
"1334",229,10,66,0,0,1,42,10,127,2,6,7,0,1,2,2,1,6,272,"High"
"1335",162,16,157,0,0,0,36,0,0,0,1,8,0,0,0,0,39,1,597,"Very High"
"1336",87,6,15,6,0,1,4,0,0,0,0,7,0,0,1,0,2,0,239,"High"
"1337",144,13,161,14,0,17,16,24,548,0,3,0,1,0,39,0,66,3,199,"Very High"
"1338",1,0,0,0,0,0,0,0,0,0,0,0,0,0,0,0,0,0,3,"Normal"
"1339",15,6,7,0,0,0,0,0,0,0,0,0,0,0,0,0,2,0,33,"Normal"
"1340",125,1,80,25,0,0,6,1,1,0,2,0,0,0,7,5,2,2,0,"Normal"
"1341",71,0,17,0,0,0,0,0,0,0,0,1,0,1,6,0,0,0,29,"Normal"
"1342",62,2,9,6,0,1,4,0,0,0,0,7,0,0,1,0,1,0,245,"High"
"1343",307,5,227,47,1,0,25,46,909,0,44,6,0,0,43,0,1,44,342,"Massive"
"1344",100,8,35,0,1,0,5,0,0,0,1,1,0,0,0,0,38,1,127,"High"
"1345",2,1,2,0,0,0,2,0,0,0,0,0,0,0,1,0,1,0,0,"Normal"
"1346",133,4,113,0,0,0,17,0,0,0,1,8,0,0,0,0,38,1,566,"Very High"
"1347",113,2,44,0,0,0,28,0,0,1,1,10,0,0,3,28,0,1,268,"High"
"1348",24,1,4,0,0,0,0,0,0,0,0,0,0,0,0,0,1,0,0,"Normal"
"1349",1677,209,584,67,12,37,39,296,113,17,93,56,29,26,0,6,3,93,420,"Massive"
"1350",263,74,210,0,0,1,28,0,0,0,0,9,0,0,11,0,138,0,68,"Very High"
"1351",527,80,279,0,0,1,33,0,30,0,5,29,0,1,7,48,4,5,138,"Very High"
"1352",361,20,240,47,1,1,25,78,906,0,43,6,0,0,43,0,3,43,395,"Massive"
"1353",2,0,7,0,0,0,2,0,0,0,0,0,0,0,1,0,26,0,5,"Normal"
"1354",16,0,6,0,0,0,0,0,0,0,0,0,0,0,1,0,0,0,22,"Normal"
"1355",11,2,35,0,0,0,0,1,0,0,0,12,0,0,0,0,2,0,0,"Normal"
"1356",196,18,134,0,1,15,5,43,1,16,185,6,0,11,1,0,2,185,261,"Very High"
"1357",0,0,0,0,0,0,0,0,0,0,0,0,0,0,0,0,0,0,0,"Normal"
"1358",78,5,40,0,0,0,1,9,0,1,0,0,0,0,1,0,14,0,7,"Normal"
"1359",9,2,3,0,0,0,3,0,0,0,0,0,0,0,1,0,1,0,0,"Normal"
"1360",87,24,103,0,0,1,4,17,9,0,1,19,0,0,1,0,3,1,159,"High"
"1361",130,12,141,14,0,0,17,24,624,0,2,0,1,0,39,0,66,2,188,"Very High"
"1362",110,2,39,0,0,0,4,0,86,1,0,7,0,7,17,1,2,0,47,"High"
"1363",1,0,0,0,0,0,0,0,0,0,0,0,0,0,0,0,0,0,0,"Normal"
"1364",76,17,95,0,0,1,1,69,1,0,0,6,0,0,0,0,136,0,93,"High"
"1365",0,0,0,0,0,0,0,0,0,0,0,0,0,0,0,0,0,0,5,"Normal"
"1366",159,13,138,0,0,0,28,0,0,0,1,8,0,0,0,0,39,1,567,"Very High"
"1367",161,9,33,0,0,1,16,23,114,1,5,5,0,1,0,0,4,5,151,"High"
"1368",62,1,15,6,0,1,8,0,0,0,0,7,0,0,1,0,1,0,227,"High"
"1369",19,7,25,35,0,0,4,0,0,0,0,2,0,0,0,0,0,0,0,"Normal"
"1370",314,61,157,0,0,1,2,0,0,0,11,23,0,3,0,7,0,11,20,"High"
"1371",524,105,283,19,0,15,7,0,29,0,12,33,0,4,0,15,0,12,64,"Very High"
"1372",32,1,28,0,0,0,8,0,0,2,0,1,0,0,0,0,1,0,0,"Normal"
"1373",94,45,83,0,0,0,3,0,0,0,7,10,0,3,0,10,0,7,0,"Normal"
"1374",23,2,14,0,0,0,4,2,1,1,1,2,0,0,0,0,0,1,0,"Normal"
"1375",33,6,31,38,0,1,1,0,595,0,1,0,1,0,14,0,0,1,0,"High"
"1376",13,0,3,0,0,0,2,0,0,0,0,0,0,0,0,0,1,0,0,"Normal"
"1377",3,0,2,0,0,0,0,0,0,0,0,0,0,0,1,0,1,0,6,"Normal"
"1378",0,0,2,0,0,0,0,0,0,0,0,0,0,0,0,0,0,0,0,"Normal"
"1379",527,79,225,41,0,2,22,330,145,0,3,28,0,0,0,17,4,3,190,"Very High"
"1380",96,14,14,6,0,1,5,0,0,0,0,1,0,0,1,0,2,0,226,"High"
"1381",87,3,49,22,0,0,21,0,0,0,0,4,1,2,1,3,8,0,55,"Normal"
"1382",2,0,0,0,0,0,1,0,0,0,0,0,0,0,0,0,0,0,0,"Normal"
"1383",31,2,13,0,0,0,3,1,0,0,0,1,0,0,5,0,2,0,0,"Normal"
"1384",26,3,14,0,0,0,3,1,0,0,0,1,0,0,1,0,2,0,0,"Normal"
"1385",170,12,174,14,0,17,22,24,603,0,3,0,1,0,38,0,66,3,209,"Very High"
"1386",424,82,240,10,0,0,28,1,30,0,9,16,0,0,7,14,3,9,94,"Very High"
"1387",25,0,3,0,0,0,2,2,0,0,0,0,0,0,0,0,2,0,0,"Normal"
"1388",98,26,109,0,0,1,3,19,37,0,1,18,0,0,1,0,19,1,159,"High"
"1389",98,26,109,0,0,1,3,19,37,0,1,18,0,0,1,0,19,1,159,"High"
"1390",191,2,88,0,0,0,30,0,0,2,1,14,0,0,3,28,1,1,339,"High"
"1391",225,10,56,0,1,1,43,18,60,2,6,7,0,1,3,2,2,6,244,"High"
"1392",112,16,102,15,0,17,0,0,534,0,2,0,5,0,0,18,64,2,119,"Very High"
"1393",207,17,32,0,21,1,3,0,0,15,58,0,0,19,0,0,2,58,452,"Very High"
"1394",227,16,120,19,0,0,38,0,0,1,1,9,0,1,3,31,2,1,487,"Very High"
"1395",2,0,0,0,0,0,0,0,0,0,0,0,0,0,0,0,0,0,0,"Normal"
"1396",14,7,31,0,0,2,1,1,10,0,0,1,0,0,0,0,0,0,21,"Normal"
"1397",141,13,158,14,0,17,22,0,548,0,3,0,1,0,38,0,66,3,198,"Very High"
"1398",102,8,43,0,1,0,11,0,0,0,0,1,0,0,0,0,2,0,208,"High"
"1399",309,19,182,0,0,1,31,22,735,0,18,7,0,0,31,0,6,18,243,"Very High"
"1400",2,0,1,0,0,0,0,0,0,0,0,0,0,0,0,0,0,0,0,"Normal"
"1401",296,23,138,1,2,1,34,0,0,9,18,8,0,0,0,0,2,18,556,"Very High"
"1402",0,0,0,0,0,0,0,0,0,0,0,0,0,0,0,0,0,0,0,"Normal"
"1403",62,0,17,0,0,0,1,0,0,0,1,2,0,0,0,0,1,1,70,"Normal"
"1404",38,0,54,0,0,0,0,0,0,0,0,0,0,0,0,0,0,0,2,"Normal"
"1405",1153,160,561,46,10,37,62,113,705,0,71,60,24,18,0,0,3,71,331,"Massive"
"1406",95,2,50,0,1,0,11,0,0,0,0,2,0,0,0,0,38,0,224,"High"
"1407",20,1,10,1,0,0,1,0,21,0,0,0,0,19,0,1,15,0,21,"Normal"
"1408",25,2,14,0,0,0,3,0,0,1,0,2,0,0,1,0,1,0,92,"Normal"
"1409",126,2,105,23,0,0,15,38,815,0,2,1,0,0,94,0,1,2,212,"Very High"
"1410",72,3,49,17,0,0,11,0,0,0,1,0,0,0,14,0,3,1,30,"Normal"
"1411",54,9,50,22,0,0,19,20,0,0,0,16,0,2,0,0,3,0,30,"Normal"
"1412",149,5,130,1,0,0,16,34,697,0,2,1,0,0,88,0,68,2,175,"Very High"
"1413",1,0,0,0,0,0,0,0,0,0,0,0,0,0,0,0,0,0,14,"Normal"
"1414",0,0,0,0,0,0,0,0,0,0,0,0,0,0,0,0,0,0,0,"Normal"
"1415",232,20,157,0,2,0,46,0,0,0,17,21,0,0,0,0,40,17,444,"Very High"
"1416",131,13,150,14,0,0,17,24,548,0,3,0,1,0,39,0,66,3,191,"Very High"
"1417",28,2,17,0,0,0,1,0,0,0,1,1,0,0,0,0,1,1,69,"Normal"
"1418",69,14,29,0,0,0,0,0,0,0,0,0,0,0,1,1,1,0,0,"Normal"
"1419",6,0,0,0,0,0,0,0,0,0,0,0,0,0,0,0,1,0,1,"Normal"
"1420",126,1,98,14,0,0,19,0,537,0,6,1,0,0,1,0,1,6,184,"Very High"
"1421",139,13,158,14,0,17,16,24,548,0,3,0,1,0,38,0,66,3,216,"Very High"
"1422",142,13,143,14,0,17,21,0,534,0,3,0,1,0,0,0,65,3,189,"Very High"
"1423",18,0,7,1,0,0,0,0,0,0,0,0,0,1,0,0,14,0,0,"Normal"
"1424",10,0,21,0,0,1,0,0,0,0,0,0,0,1,0,0,64,0,2,"Normal"
"1425",70,4,44,0,0,1,7,0,145,2,10,0,0,0,0,0,1,10,82,"High"
"1426",834,76,286,22,10,3,14,437,145,10,19,31,5,18,6,21,5,19,271,"Massive"
"1427",0,0,0,0,0,0,0,0,0,0,0,0,0,0,0,0,0,0,0,"Normal"
"1428",1401,204,486,24,12,42,22,270,1,12,61,44,20,31,6,13,4,61,366,"Massive"
"1429",81,4,36,0,0,1,1,142,148,1,0,7,0,7,18,0,2,0,55,"High"
"1430",0,0,1,0,0,0,0,0,0,0,0,0,0,0,0,0,0,0,0,"Normal"
"1431",1,0,0,0,0,0,0,0,0,0,0,0,0,0,0,0,0,0,0,"Normal"
"1432",9,0,15,0,0,0,2,0,9,0,0,2,0,0,0,0,0,0,50,"Normal"
"1433",130,31,113,0,0,1,3,68,0,0,10,9,0,0,1,0,19,10,134,"High"
"1434",14,5,16,0,0,0,0,0,0,0,0,0,0,0,0,0,0,0,3,"Normal"
"1435",14,5,16,0,0,0,0,0,0,0,0,0,0,0,0,0,0,0,3,"Normal"
"1436",77,17,91,38,0,1,1,0,621,0,2,0,1,0,0,11,0,2,27,"Very High"
"1437",310,18,219,29,0,0,8,55,810,0,33,1,0,0,43,0,2,33,349,"Very High"
"1438",152,12,76,0,0,0,26,0,0,1,0,15,0,0,2,0,2,0,193,"High"
"1439",26,15,29,0,0,0,5,1,0,0,0,0,0,1,18,92,3,0,0,"Normal"
"1440",181,4,96,0,0,0,40,0,0,1,1,9,0,0,1,31,3,1,368,"High"
"1441",32,0,8,0,0,0,1,0,0,0,1,1,0,0,0,0,1,1,0,"Normal"
"1442",532,80,262,0,0,1,32,0,30,0,9,29,0,1,7,48,4,9,125,"Very High"
"1443",101,16,78,0,0,0,12,0,0,0,0,22,0,2,0,0,1,0,0,"Normal"
"1444",0,0,0,0,0,0,0,0,0,0,0,0,0,0,0,0,0,0,0,"Normal"
"1445",8,1,8,0,0,0,0,0,0,0,0,0,0,0,0,0,1,0,3,"Normal"
"1446",0,0,1,1,0,0,0,0,0,0,0,0,0,0,0,0,1,0,0,"Normal"
"1447",317,84,254,1,0,1,37,1,16,0,5,4,0,0,7,48,3,5,113,"Very High"
"1448",72,13,20,0,0,0,5,0,85,0,0,1,0,0,0,0,1,0,185,"High"
"1449",131,11,44,0,0,0,13,0,0,34,62,15,0,0,2,1,3,62,212,"High"
"1450",191,14,166,0,2,0,35,0,0,0,18,16,0,0,0,0,40,18,565,"Very High"
"1451",127,24,121,13,0,7,11,3,72,0,1,0,0,2,1,12,1,1,21,"High"
"1452",574,127,359,17,0,20,16,1,29,0,15,33,0,4,0,28,27,15,74,"Very High"
"1453",99,8,25,0,0,0,6,0,0,9,16,1,0,0,0,0,1,16,122,"High"
"1454",192,1,82,0,0,0,39,0,0,11,19,19,0,0,2,29,2,19,278,"High"
"1455",1,0,0,1,0,0,3,0,0,0,0,0,0,0,0,0,1,0,1,"Normal"
"1456",61,2,34,6,0,1,3,1,0,0,0,7,0,0,1,0,30,0,217,"High"
"1457",1,0,0,0,0,0,1,0,0,0,0,0,0,0,0,0,0,0,17,"Normal"
"1458",1,0,0,1,0,0,1,0,0,0,0,0,0,0,0,0,0,0,1,"Normal"
"1459",0,0,0,0,0,0,0,0,0,0,0,0,0,0,0,0,0,0,0,"Normal"
"1460",102,8,45,0,1,0,12,0,0,0,0,1,0,0,0,0,2,0,209,"High"
"1461",49,34,42,0,0,0,3,0,0,0,4,6,1,0,1,0,18,4,2,"Normal"
"1462",97,3,57,0,1,0,13,0,0,0,0,2,0,0,0,0,38,0,225,"High"
"1463",98,8,41,0,1,0,11,0,0,0,0,1,0,0,0,0,2,0,208,"High"
"1464",21,5,42,0,0,0,5,1,0,0,0,7,0,0,0,0,1,0,23,"Normal"
"1465",5,1,10,0,0,0,1,11,0,0,0,0,0,0,0,0,1,0,0,"Normal"
"1466",0,0,0,0,0,0,0,0,0,0,0,0,0,0,0,0,0,0,46,"Normal"
"1467",194,3,95,0,0,0,34,0,0,2,1,8,0,0,4,28,2,1,378,"High"
"1468",97,15,91,15,0,0,39,0,89,0,0,9,0,0,0,0,0,0,0,"High"
"1469",132,62,100,0,0,1,10,0,1,0,0,0,0,0,0,35,4,0,188,"High"
"1470",11,0,0,0,0,0,0,0,0,0,0,0,0,0,0,0,1,0,0,"Normal"
"1471",9,4,28,25,0,0,5,1,0,0,0,1,0,0,0,0,1,0,101,"Normal"
"1472",17,0,9,0,0,0,6,0,0,0,0,2,0,0,0,0,6,0,0,"Normal"
"1473",135,1,73,0,0,0,28,0,0,1,2,7,0,0,1,28,1,2,240,"High"
"1474",59,9,47,0,0,0,10,0,67,15,0,5,0,0,0,0,4,0,105,"High"
"1475",92,3,35,0,0,0,0,0,0,1,14,1,0,0,0,1,1,14,22,"Normal"
"1476",12,0,6,0,0,0,5,0,0,0,0,2,0,0,0,0,0,0,28,"Normal"
"1477",15,6,7,0,0,0,0,0,0,0,0,0,0,0,0,0,2,0,33,"Normal"
"1478",0,0,0,0,0,0,0,0,0,0,0,0,0,0,0,0,1,0,0,"Normal"
"1479",178,16,163,0,0,0,38,0,0,0,17,8,0,0,0,0,39,17,582,"Very High"
"1480",0,0,5,0,0,0,0,0,0,0,0,0,0,0,0,0,0,0,1,"Normal"
"1481",356,84,246,0,0,1,32,0,30,0,5,11,0,1,7,0,7,5,228,"Very High"
"1482",92,3,48,22,0,0,22,0,0,0,0,5,1,2,1,3,8,0,50,"Normal"
"1483",1,0,0,0,0,0,0,0,0,0,0,0,0,0,0,0,0,0,32,"Normal"
"1484",25,3,40,0,0,0,2,0,10,0,1,0,0,0,0,3,1,1,0,"Normal"
"1485",33,0,5,0,0,0,0,0,0,0,0,0,0,0,0,0,0,0,7,"Normal"
"1486",1,0,0,0,0,0,1,0,0,0,0,0,0,0,0,0,0,0,43,"Normal"
"1487",0,0,0,0,0,0,0,0,0,0,0,0,0,0,0,0,0,0,1,"Normal"
"1488",93,13,35,0,0,0,4,0,94,1,0,7,0,6,17,1,1,0,49,"High"
"1489",5,1,5,0,0,0,0,0,0,0,0,0,0,0,0,0,1,0,3,"Normal"
"1490",191,3,88,0,0,0,29,0,0,2,1,14,0,0,3,28,1,1,382,"High"
"1491",15,5,6,0,0,0,0,0,0,0,0,0,0,0,0,0,2,0,33,"Normal"
"1492",131,2,115,15,0,0,15,34,811,0,2,1,0,0,94,0,1,2,212,"Very High"
"1493",340,20,237,52,1,1,25,55,921,0,43,6,0,0,62,0,3,43,399,"Massive"
"1494",18,5,22,0,0,15,0,1,0,0,1,0,0,0,0,0,3,1,0,"Normal"
"1495",1,0,1,0,0,0,0,0,0,0,0,0,0,0,0,0,2,0,139,"Normal"
"1496",1599,212,541,42,13,42,38,287,0,13,76,47,25,37,0,5,3,76,426,"Massive"
"1497",0,0,0,0,0,0,0,0,0,0,0,0,0,0,0,0,0,0,59,"Normal"
"1498",0,0,0,0,0,0,0,0,0,0,0,0,0,0,0,0,2,0,14,"Normal"
"1499",2,0,11,0,0,0,0,0,0,0,0,0,0,0,0,0,0,0,48,"Normal"
"1500",2,0,3,0,0,0,0,0,0,0,0,0,0,0,0,0,1,0,15,"Normal"
"1501",1,1,3,0,0,0,0,0,0,0,0,0,0,0,0,0,1,0,102,"Normal"
"1502",1,0,2,0,0,0,0,0,0,0,0,0,0,0,0,0,1,0,18,"Normal"
"1503",65,8,70,0,0,1,1,77,1,0,1,6,0,0,0,0,151,1,84,"High"
"1504",5,0,10,22,0,0,0,0,0,0,0,0,0,0,0,0,1,0,33,"Normal"
"1505",20,3,4,0,0,0,10,15,0,0,0,0,0,0,0,0,2,0,18,"Normal"
"1506",0,0,0,0,0,0,0,0,0,0,0,0,0,0,0,0,2,0,14,"Normal"
"1507",1,0,0,0,0,0,0,0,0,0,0,0,0,0,0,0,0,0,15,"Normal"
"1508",71,0,17,0,0,0,0,0,0,0,0,1,0,1,6,0,0,0,29,"Normal"
"1509",1393,196,460,35,12,36,21,350,1,18,86,46,20,31,6,13,5,86,355,"Massive"
"1510",223,72,187,0,0,1,12,0,1,0,0,0,0,1,7,47,5,0,220,"High"
"1511",61,1,65,6,0,1,0,0,0,0,0,7,0,0,1,17,29,0,114,"High"
"1512",54,2,31,0,0,1,3,1,0,0,0,2,0,0,1,0,1,0,0,"Normal"
"1513",96,8,41,0,1,0,13,0,0,0,0,1,0,0,17,0,39,0,208,"High"
"1514",97,8,42,0,1,0,11,0,0,0,1,1,0,0,0,0,2,1,181,"High"
"1515",0,0,0,0,0,0,0,0,0,0,0,0,0,0,1,0,1,0,0,"Normal"
"1516",3,0,3,0,0,0,1,0,0,0,0,0,0,0,0,0,3,0,0,"Normal"
"1517",1,0,0,0,0,0,0,0,0,0,0,0,0,0,0,0,0,0,67,"Normal"
"1518",2,1,4,0,0,0,0,0,0,0,0,0,0,0,0,0,2,0,33,"Normal"
"1519",2,0,1,0,0,0,0,0,0,0,0,0,0,0,0,0,0,0,0,"Normal"
"1520",141,13,159,15,0,0,17,24,564,0,3,0,1,0,38,0,66,3,192,"Very High"
"1521",349,21,226,54,0,0,16,40,850,0,0,1,0,0,37,0,2,0,369,"Very High"
"1522",73,14,14,0,0,0,5,0,1,0,0,1,0,0,0,0,2,0,211,"High"
"1523",60,1,15,6,0,1,8,0,0,0,0,7,0,0,1,0,1,0,236,"High"
"1524",1044,146,397,39,2,49,27,142,0,22,205,37,15,12,0,13,2,205,327,"Massive"
"1525",184,2,155,72,0,0,13,40,907,0,17,7,0,25,72,0,1,17,272,"Very High"
"1526",2,0,1,0,0,0,1,0,0,0,0,0,0,0,0,0,0,0,1,"Normal"
"1527",92,8,43,0,1,0,13,0,0,0,1,1,0,0,0,0,2,1,132,"Normal"
"1528",105,3,59,0,1,0,10,0,0,0,0,1,0,0,0,0,39,0,280,"High"
"1529",1,0,0,0,0,0,0,0,0,0,0,0,0,0,0,0,0,0,59,"Normal"
"1530",255,26,97,0,3,1,55,10,0,2,7,7,0,1,1,2,2,7,374,"Very High"
"1531",18,0,6,0,0,0,0,0,0,0,0,1,0,1,1,0,1,0,24,"Normal"
"1532",16,0,6,0,0,0,0,0,0,0,0,0,0,0,1,0,0,0,22,"Normal"
"1533",67,13,96,0,0,21,2,1,555,0,2,1,0,0,0,11,1,2,72,"Very High"
"1534",74,1,46,1,0,0,21,0,0,0,0,17,0,0,0,14,24,0,0,"Normal"
"1535",0,0,0,0,0,0,0,0,0,0,0,0,0,0,15,0,2,0,18,"Normal"
"1536",336,64,266,12,0,6,5,2,28,0,14,0,0,1,23,0,2,14,56,"Very High"
"1537",59,1,20,6,0,1,7,0,0,0,0,7,0,0,1,0,30,0,236,"High"
"1538",182,9,82,0,0,1,27,0,607,0,9,2,0,0,2,0,3,9,158,"Very High"
"1539",0,0,0,0,0,0,0,0,0,0,0,0,0,0,0,0,0,0,0,"Normal"
"1540",48,0,46,0,0,0,7,0,0,0,0,5,0,1,6,0,0,0,0,"Normal"
"1541",431,58,229,22,0,13,45,41,43,26,118,5,0,1,0,0,2,118,267,"Very High"
"1542",295,174,245,51,0,65,1,6,0,0,1,0,0,1,2,8,26,1,84,"Very High"
"1543",93,13,12,0,0,0,4,0,88,0,0,0,0,5,6,1,1,0,109,"High"
"1544",53,13,17,0,0,0,3,0,94,0,0,1,0,5,17,1,1,0,116,"High"
"1545",1,0,2,0,0,0,0,0,0,0,0,0,0,0,0,0,1,0,139,"Normal"
"1546",1,0,7,0,0,0,1,0,0,0,0,0,0,0,0,0,0,0,43,"Normal"
"1547",70,6,47,29,0,0,21,20,51,0,0,10,8,1,1,0,2,0,32,"Normal"
"1548",875,98,422,34,1,11,27,78,904,0,83,45,20,21,53,0,2,83,456,"Massive"
"1549",76,14,46,4,0,1,2,0,101,0,0,5,5,0,19,0,2,0,0,"Normal"
"1550",1,0,0,0,0,0,0,0,0,0,0,0,0,0,0,0,1,0,0,"Normal"
"1551",60,3,10,0,0,0,3,1,0,0,0,1,0,0,0,0,21,0,0,"Normal"
"1552",15,6,7,0,0,0,0,0,0,0,0,0,0,0,0,0,2,0,33,"Normal"
"1553",0,0,0,0,0,0,0,0,0,0,0,0,0,0,0,0,0,0,30,"Normal"
"1554",14,1,19,0,0,0,2,0,9,0,0,2,0,0,0,0,1,0,73,"Normal"
"1555",131,11,44,0,0,0,13,0,0,34,62,15,0,0,2,1,3,62,211,"High"
"1556",14,0,0,12,0,0,0,0,0,0,0,0,0,0,1,0,48,0,0,"Normal"
"1557",151,13,68,0,1,1,21,1,0,24,13,5,0,0,0,0,3,13,42,"High"
"1558",36,1,11,1,0,0,1,0,21,0,0,0,0,19,0,1,14,0,49,"Normal"
"1559",62,2,14,6,0,1,4,0,0,0,0,7,0,0,1,0,1,0,237,"High"
"1560",2,0,0,0,0,0,0,0,0,0,0,0,0,0,0,0,0,0,0,"Normal"
"1561",78,25,102,0,0,1,3,20,37,0,1,18,0,0,1,0,19,1,143,"High"
"1562",149,13,60,0,1,1,15,1,0,24,13,1,0,0,0,0,2,13,44,"High"
"1563",129,8,53,0,1,1,5,0,0,0,3,1,0,0,0,0,2,3,100,"High"
"1564",0,0,10,0,0,0,0,0,0,0,0,0,0,0,0,0,0,0,0,"Normal"
"1565",587,127,355,17,0,20,16,0,29,0,15,33,0,4,0,28,27,15,74,"Very High"
"1566",0,0,0,0,0,0,0,0,0,0,0,0,0,0,0,0,0,0,0,"Normal"
"1567",146,4,121,0,0,0,17,0,0,0,1,8,0,0,0,0,38,1,562,"Very High"
"1568",139,12,140,1,0,0,25,34,640,0,2,0,0,0,39,0,68,2,166,"Very High"
"1569",18,0,7,0,0,0,0,0,0,0,0,0,0,1,0,0,14,0,0,"Normal"
"1570",38,0,17,0,0,0,1,0,0,0,0,1,0,0,0,0,0,0,15,"Normal"
"1571",2,0,1,0,0,0,0,0,0,0,0,0,0,0,0,0,0,0,0,"Normal"
"1572",170,41,108,0,0,0,0,122,204,1,0,21,0,0,25,0,2,0,175,"Very High"
"1573",97,10,67,0,0,1,1,14,0,0,0,6,0,0,0,0,152,0,82,"High"
"1574",170,16,155,0,0,0,37,0,0,0,1,8,0,0,0,0,41,1,592,"Very High"
"1575",165,20,118,0,0,5,1,0,52,0,3,3,0,0,41,25,2,3,38,"High"
"1576",5,0,0,0,0,0,0,0,0,0,0,0,0,0,0,0,0,0,80,"Normal"
"1577",66,0,30,0,0,0,14,0,0,0,0,2,0,0,0,0,1,0,9,"Normal"
"1578",74,5,36,0,0,0,1,9,0,0,0,0,0,0,1,0,14,0,7,"Normal"
"1579",10,1,7,0,0,0,1,0,0,2,0,0,0,0,0,0,0,0,0,"Normal"
"1580",71,0,23,0,0,0,0,0,0,0,0,1,0,1,6,0,0,0,29,"Normal"
"1581",1214,146,582,60,1,26,27,123,742,17,94,51,28,21,0,0,2,94,495,"Massive"
"1582",257,26,124,0,1,16,6,0,0,31,191,6,0,2,0,0,2,191,300,"Very High"
"1583",16,8,31,54,0,0,0,0,0,0,0,0,0,1,10,0,2,0,0,"Normal"
"1584",1,0,0,0,0,0,2,0,0,0,0,0,0,0,0,0,0,0,0,"Normal"
"1585",172,15,160,0,0,0,37,0,0,0,1,8,0,0,0,0,39,1,584,"Very High"
"1586",3,5,6,0,0,0,0,0,0,0,0,0,0,0,0,0,2,0,33,"Normal"
"1587",100,1,24,0,0,0,14,0,0,5,18,7,0,18,6,2,1,18,27,"Normal"
"1588",77,13,15,0,0,0,3,0,84,0,0,1,0,5,18,1,1,0,115,"High"
"1589",275,32,132,1,2,1,25,0,0,28,63,6,0,0,0,0,2,63,373,"Very High"
"1590",38,0,45,0,0,0,0,0,0,0,0,0,0,1,6,0,0,0,0,"Normal"
"1591",151,12,144,0,0,0,17,0,0,0,1,8,0,0,0,0,39,1,608,"Very High"
"1592",101,13,8,0,0,0,4,0,0,0,0,0,0,22,6,1,1,0,118,"Normal"
"1593",167,13,166,0,2,0,35,0,0,0,18,16,0,0,0,0,39,18,515,"Very High"
"1594",43,7,32,1,0,0,4,0,0,0,0,1,0,1,27,0,72,0,0,"Normal"
"1595",926,93,363,60,1,1,17,417,193,13,38,25,5,14,0,17,3,38,387,"Massive"
"1596",13,1,17,0,0,1,0,142,146,0,0,0,0,1,13,0,0,0,34,"High"
"1597",110,25,92,0,0,1,1,12,0,0,0,6,0,0,0,0,152,0,71,"High"
"1598",1159,166,561,42,1,37,59,130,769,0,79,55,24,21,0,0,3,79,354,"Massive"
"1599",51,3,18,0,0,0,4,0,0,0,10,1,0,0,0,0,2,10,197,"Normal"
"1600",193,13,84,0,1,1,21,1,0,25,13,10,0,0,0,1,3,13,42,"High"
"1601",238,19,102,0,0,1,6,163,1,1,0,22,0,11,6,0,3,0,166,"High"
"1602",74,14,50,14,0,0,13,0,0,1,0,3,0,1,0,0,2,0,227,"High"
"1603",705,73,267,21,0,2,14,414,145,9,14,28,1,0,0,17,5,14,237,"Very High"
"1604",658,99,400,95,1,12,27,241,911,17,55,7,0,0,0,0,2,55,430,"Massive"
"1605",155,3,77,0,0,0,28,0,0,1,1,7,0,0,2,28,2,1,346,"High"
"1606",165,12,176,14,0,17,23,24,548,0,3,0,1,0,38,0,66,3,200,"Very High"
"1607",104,14,9,6,0,1,5,0,0,0,0,7,0,0,1,0,2,0,229,"High"
"1608",2,0,2,0,0,0,0,0,0,0,0,0,0,0,0,0,1,0,0,"Normal"
